72.05,56748,-0.02
72.08,56764,-0.01
72.10,56784,0.01
72.12,56800,0.04
72.15,56820,-0.01
72.17,56836,0.00
72.20,56852,0.01
72.22,56872,0.00
72.24,56896,-0.01
72.27,56916,0.00
72.29,56932,-0.01
72.31,56948,-0.02
72.34,56968,0.00
72.36,56984,0.01
72.39,57000,0.01
72.41,57020,0.01
72.43,57036,0.00
72.46,57044,-0.00
72.48,57060,0.01
72.50,57080,0.01
72.53,57096,0.01
72.55,57112,-0.01
72.58,57128,-0.01
72.60,57144,0.01
72.62,57164,0.01
72.65,57184,0.01
72.67,57200,0.02
72.69,57216,0.02
72.72,57240,-0.01
72.74,57264,0.02
72.77,57292,-0.01
72.79,57320,-0.01
72.81,57344,0.00
72.84,57372,-0.00
72.86,57396,0.01
72.88,57416,-0.01
72.91,57436,0.00
72.93,57448,0.00
72.95,57464,-0.00
72.98,57492,0.01
73.00,57516,-0.01
73.03,57536,-0.03
73.05,57560,0.03
73.07,57596,0.00
73.10,57624,-0.00
73.12,57652,-0.01
73.14,57680,-0.03
73.17,57720,-0.00
73.19,57756,0.00
73.22,57784,0.02
73.24,57812,0.01
73.26,57848,-0.01
73.29,57884,0.01
73.31,57908,-0.00
73.33,57940,-0.00
73.36,57968,0.02
73.38,58004,-0.01
73.41,58036,0.03
73.43,58068,-0.01
73.45,58104,-0.02
73.48,58136,0.03
73.50,58176,-0.00
73.52,58228,0.01
73.55,58264,-0.00
73.57,58300,0.01
73.59,58348,0.03
73.62,58416,-0.02
73.64,58456,-0.02
73.67,58484,0.01
73.69,58520,-0.01
73.71,58552,0.02
73.74,58584,0.01
73.76,58624,0.00
73.79,58668,0.01
73.81,58688,0.02
73.83,58728,-0.00
73.86,58760,0.00
73.88,58776,0.01
73.90,58788,0.00
73.93,58792,0.03
73.95,58792,0.01
73.97,58808,0.01
74.00,58844,0.03
74.02,58800,0.01
74.05,58716,-0.03
74.07,58704,0.02
74.09,58680,-0.00
74.12,58720,0.01
74.14,58744,-0.04
74.16,58928,0.01
74.19,59060,0.00
74.21,59092,0.02
74.24,59060,0.01
74.26,59108,-0.01
74.28,59164,-0.00
74.31,59164,0.00
74.33,59168,0.02
74.35,59212,0.01
74.38,59272,-0.00
74.40,59328,-0.01
74.43,59432,0.01
74.45,59512,0.01
74.47,59588,-0.01
74.50,59600,-0.01
74.52,59696,-0.00
74.54,59768,-0.00
74.57,59784,0.01
74.59,59860,0.01
74.61,59952,-0.01
74.64,60036,0.03
74.66,60024,-0.01
74.69,60084,0.01
74.71,60128,0.00
74.73,60124,0.01
74.76,60124,-0.01
74.78,60132,-0.01
74.80,60092,0.02
74.83,60020,0.02
74.85,59940,0.02
74.88,59896,0.01
74.90,59804,-0.00
74.92,59692,0.01
74.95,59600,0.02
74.97,59508,0.03
75.00,59456,-0.02
75.02,59412,0.00
75.04,59380,-0.01
75.07,59408,-0.00
75.09,59424,-0.00
75.11,59412,0.01
75.14,59484,0.00
75.16,59508,0.02
75.18,59544,-0.00
75.21,59584,0.00
75.23,59704,0.01
75.25,59824,0.02
75.28,59924,-0.03
75.30,60060,0.02
75.33,60148,0.02
75.35,60212,0.01
75.37,60256,0.01
75.40,60320,0.01
75.42,60312,0.00
75.45,60332,-0.00
75.47,60252,0.02
75.49,60156,0.01
75.52,60036,0.01
75.54,59984,0.01
75.56,59948,-0.01
75.59,59904,-0.00
75.61,59928,-0.00
75.63,59936,0.02
75.66,59940,-0.01
75.68,59964,0.01
75.71,59952,0.01
75.73,60012,0.02
75.75,60080,0.00
75.78,60188,-0.02
75.80,60380,-0.00
75.82,60632,0.00
75.85,61120,0.01
75.87,61692,-0.01
75.90,62332,0.01
75.92,62956,-0.01
75.94,63692,-0.01
75.97,64480,0.00
75.99,65296,-0.01
76.01,66220,-0.02
76.04,67172,-0.00
76.06,68100,0.01
76.09,68992,0.02
76.11,69868,-0.01
76.13,70684,-0.02
76.16,71460,-0.02
76.18,72176,-0.01
76.20,72904,0.00
76.23,73608,0.00
76.25,74264,0.00
76.27,74916,-0.00
76.30,75700,-0.00
76.32,76536,0.00
76.35,77308,-0.01
76.37,77956,-0.00
76.39,78436,0.03
76.42,78728,0.01
76.44,78796,0.02
76.47,78744,0.01
76.49,78632,0.01
76.51,78536,0.00
76.54,78404,0.00
76.56,78272,0.02
76.58,78164,-0.00
76.61,78108,-0.00
76.63,78004,-0.00
76.65,77940,-0.01
76.68,77896,-0.01
76.70,77840,-0.01
76.73,77796,-0.00
76.75,77784,0.01
76.77,77796,0.01
76.80,77792,0.00
76.82,77772,0.01
76.84,77748,-0.01
76.87,77752,0.02
76.89,77728,0.00
76.92,77712,-0.00
76.94,77712,0.01
76.96,77716,0.01
76.99,77732,0.01
77.01,77760,0.00
77.04,77744,-0.01
77.06,77712,0.01
77.08,77688,0.01
77.11,77648,0.01
77.13,77628,0.00
77.15,77632,-0.01
77.18,77660,-0.00
77.20,77700,-0.00
77.22,77728,0.01
77.25,77768,0.01
77.27,77864,0.01
77.29,78000,0.02
77.32,78100,0.00
77.34,78192,-0.01
77.37,78280,0.03
77.39,78272,0.10
77.41,76664,0.11
77.44,73816,0.14
77.46,70208,0.21
77.49,66108,0.22
77.51,61816,0.24
77.53,57484,0.25
77.56,53252,0.24
77.58,49096,0.24
77.60,44940,0.25
77.63,40716,0.23
77.65,36540,0.26
77.68,32376,0.23
77.70,28284,0.22
77.72,24252,0.22
77.75,20304,0.20
77.77,16424,0.21
77.79,12588,0.19
77.82,8828,0.18
77.84,5176,0.17
77.86,1652,0.15
77.89,-1676,0.15
77.91,-4812,0.14
77.94,-7700,0.11
77.96,-10352,0.11
77.98,-12860,0.08
78.01,-15256,0.08
78.03,-17540,0.05
78.05,-19664,0.07
78.08,-21540,0.05
78.10,-23056,0.00
78.13,-24160,0.01
78.15,-24828,-0.02
78.17,-25052,-0.03
78.20,-24836,-0.03
78.22,-24044,-0.04
78.24,-22720,-0.07
78.27,-20860,-0.08
78.29,-18508,-0.11
78.31,-15748,-0.12
78.34,-12648,-0.15
78.36,-9272,-0.17
78.39,-5672,-0.19
78.41,-1876,-0.20
78.43,2080,-0.21
78.46,6112,-0.21
78.48,10240,-0.23
78.50,14444,-0.22
78.53,18704,-0.25
78.55,23024,-0.23
78.58,27452,-0.29
78.60,32056,-0.29
78.62,36752,-0.28
78.65,41512,-0.30
78.67,46292,-0.28
78.69,51068,-0.27
78.72,55852,-0.28
78.74,60548,-0.29
78.77,65180,-0.28
78.79,69688,-0.25
78.81,74144,-0.25
78.84,78524,-0.25
78.86,82864,-0.26
78.88,87188,-0.25
78.91,91448,-0.23
78.93,95668,-0.22
78.96,99776,-0.22
78.98,103748,-0.22
79.00,107720,-0.19
79.03,111720,-0.22
79.05,115692,-0.19
79.07,119612,-0.20
79.10,123488,-0.17
79.12,127308,-0.20
79.14,131132,-0.18
79.17,134920,-0.18
79.19,138656,-0.20
79.22,142308,-0.17
79.24,145908,-0.17
79.26,149428,-0.14
79.29,152692,-0.12
79.31,155792,-0.10
79.34,158716,-0.09
79.36,161428,-0.09
79.38,163952,-0.10
79.41,166280,-0.07
79.43,168368,-0.07
79.45,170280,-0.04
79.48,172096,-0.05
79.50,173844,-0.04
79.53,175536,-0.04
79.55,177076,-0.01
79.57,178420,0.00
79.60,179552,-0.03
79.62,180476,-0.00
79.64,181172,-0.02
79.67,181624,0.01
79.69,181824,0.01
79.72,181768,0.01
79.74,181360,0.04
79.76,180552,0.03
79.79,179416,0.05
79.81,177996,0.05
79.84,176312,0.06
79.86,174388,0.07
79.88,172220,0.08
79.91,169812,0.10
79.93,167164,0.11
79.95,164308,0.12
79.98,161244,0.15
80.00,157996,0.17
80.02,154592,0.14
80.05,151076,0.18
80.07,147472,0.17
80.10,143752,0.20
80.12,139876,0.22
80.14,135888,0.23
80.17,131792,0.25
80.19,127664,0.24
80.22,123496,0.25
80.24,119304,0.24
80.26,115124,0.25
80.29,110940,0.24
80.31,106748,0.25
80.33,102520,0.23
80.36,98300,0.26
80.38,94144,0.23
80.41,90040,0.20
80.43,86012,0.22
80.45,82084,0.19
80.48,78228,0.22
80.50,74388,0.19
80.52,70564,0.19
80.55,66756,0.18
80.57,63036,0.17
80.59,59336,0.20
80.62,55724,0.16
80.64,52156,0.18
80.67,48644,0.16
80.69,45212,0.15
80.71,41884,0.16
80.74,38648,0.16
80.76,35476,0.14
80.79,32396,0.14
80.81,29368,0.12
80.83,26404,0.12
80.86,23504,0.10
80.88,20668,0.11
80.90,17892,0.11
80.93,15192,0.13
80.95,12556,0.12
80.97,9992,0.09
81.00,7512,0.12
81.02,5120,0.08
81.05,2868,0.08
81.07,800,0.06
81.09,-1152,0.07
81.12,-3136,0.05
81.14,-5160,0.07
81.16,-7204,0.08
81.19,-9228,0.07
81.21,-11172,0.04
81.23,-12984,0.03
81.26,-14652,0.04
81.28,-16240,0.05
81.31,-17860,0.07
81.33,-19492,0.07
81.35,-21020,0.03
81.38,-22396,0.05
81.40,-23656,0.04
81.43,-24784,0.01
81.45,-25676,0.02
81.47,-26356,0.01
81.50,-26788,0.02
81.52,-26940,0.01
81.54,-26808,-0.02
81.57,-26384,-0.00
81.59,-25672,0.00
81.61,-24704,-0.03
81.64,-23500,-0.03
81.66,-22092,-0.04
81.69,-20540,-0.03
81.71,-18800,-0.07
81.73,-16816,-0.07
81.76,-14592,-0.07
81.78,-12172,-0.07
81.80,-9556,-0.09
81.83,-6748,-0.10
81.85,-3820,-0.10
81.87,-840,-0.10
81.90,2072,-0.09
81.92,4956,-0.10
81.95,7876,-0.11
81.97,10816,-0.11
81.99,13880,-0.12
82.02,17008,-0.15
82.04,20192,-0.14
82.06,23392,-0.12
82.09,26548,-0.11
82.11,29596,-0.12
82.14,32512,-0.12
82.16,35420,-0.11
82.18,38280,-0.11
82.21,41208,-0.09
82.23,44112,-0.09
82.25,46896,-0.10
82.28,49564,-0.09
82.30,52268,-0.11
82.33,54960,-0.08
82.35,57612,-0.11
82.37,60252,-0.10
82.40,62912,-0.09
82.42,65528,-0.08
82.44,68108,-0.08
82.47,70608,-0.12
82.49,73040,-0.06
82.51,75452,-0.08
82.54,77820,-0.07
82.56,80168,-0.08
82.59,82444,-0.05
82.61,84724,-0.09
82.63,86996,-0.07
82.66,89248,-0.06
82.68,91420,-0.08
82.71,93516,-0.06
82.73,95512,-0.03
82.75,97356,-0.02
82.78,99080,-0.03
82.80,100656,-0.04
82.82,102100,0.00
82.85,103364,-0.02
82.87,104360,-0.01
82.89,105088,0.01
82.92,105584,-0.01
82.94,105888,-0.01
82.97,105968,0.02
82.99,105692,0.04
83.01,105012,0.03
83.04,103924,0.07
83.06,102420,0.06
83.09,100576,0.07
83.11,98504,0.07
83.13,96312,0.09
83.16,94020,0.10
83.18,91620,0.09
83.20,89044,0.12
83.23,86228,0.11
83.25,83228,0.17
83.27,80032,0.16
83.30,76648,0.15
83.32,73220,0.18
83.35,69756,0.16
83.37,66256,0.15
83.39,62688,0.19
83.42,59052,0.16
83.44,55224,0.24
83.47,51136,0.25
83.49,46840,0.23
83.51,42552,0.23
83.54,38392,0.23
83.56,34316,0.24
83.58,30216,0.24
83.61,26020,0.24
83.63,21812,0.24
83.65,17640,0.22
83.68,13536,0.21
83.70,9500,0.23
83.73,5516,0.21
83.75,1536,0.22
83.77,-2444,0.24
83.80,-6396,0.21
83.82,-10316,0.23
83.84,-14252,0.21
83.87,-18204,0.22
83.89,-22140,0.22
83.91,-26076,0.22
83.94,-29972,0.21
83.96,-33836,0.18
83.99,-37644,0.20
84.01,-41360,0.19
84.03,-44956,0.14
84.06,-48404,0.16
84.08,-51680,0.14
84.11,-54788,0.13
84.13,-57756,0.12
84.15,-60664,0.11
84.18,-63496,0.13
84.20,-66280,0.10
84.22,-68988,0.12
84.25,-71592,0.09
84.27,-74044,0.10
84.29,-76364,0.11
84.32,-78620,0.09
84.34,-80932,0.09
84.37,-83252,0.06
84.39,-85476,0.07
84.41,-87696,0.07
84.44,-89884,0.07
84.46,-91964,0.07
84.48,-94016,0.09
84.51,-96000,0.05
84.53,-97980,0.06
84.56,-99860,0.05
84.58,-101632,0.06
84.60,-103232,0.05
84.63,-104512,0.02
84.65,-105348,0.02
84.68,-105700,-0.04
84.70,-105524,-0.04
84.72,-104736,-0.04
84.75,-103364,-0.05
84.77,-101460,-0.07
84.79,-98948,-0.13
84.82,-95952,-0.14
84.84,-92524,-0.18
84.87,-88740,-0.19
84.89,-84864,-0.19
84.91,-80876,-0.19
84.94,-76840,-0.18
84.96,-72856,-0.20
84.98,-68792,-0.20
85.01,-64672,-0.22
85.03,-60456,-0.24
85.05,-56140,-0.22
85.08,-51860,-0.22
85.10,-47556,-0.22
85.13,-43240,-0.24
85.15,-38952,-0.23
85.17,-34624,-0.25
85.20,-30304,-0.23
85.22,-25880,-0.24
85.24,-21440,-0.24
85.27,-16960,-0.26
85.29,-12444,-0.26
85.32,-8004,-0.23
85.34,-3644,-0.22
85.36,620,-0.23
85.39,4860,-0.20
85.41,8992,-0.22
85.43,13000,-0.21
85.46,17044,-0.22
85.48,21144,-0.22
85.51,25308,-0.21
85.53,29484,-0.23
85.55,33656,-0.22
85.58,37924,-0.22
85.60,42200,-0.21
85.62,46488,-0.22
85.65,50660,-0.21
85.67,54768,-0.21
85.70,58824,-0.23
85.72,62888,-0.22
85.74,67048,-0.22
85.77,71244,-0.22
85.79,75396,-0.20
85.81,79440,-0.20
85.84,83336,-0.19
85.86,87172,-0.16
85.88,90940,-0.17
85.91,94640,-0.18
85.93,98236,-0.15
85.96,101692,-0.15
85.98,105008,-0.13
86.00,108164,-0.12
86.03,111264,-0.11
86.05,114320,-0.12
86.07,117260,-0.11
86.10,120104,-0.12
86.12,122928,-0.11
86.15,125636,-0.09
86.17,128216,-0.08
86.19,130548,-0.03
86.22,132576,-0.02
86.24,134240,-0.04
86.26,135544,-0.01
86.29,136512,0.02
86.31,137136,0.03
86.34,137260,0.06
86.36,136732,0.06
86.38,135516,0.07
86.41,133768,0.09
86.43,131632,0.10
86.46,129188,0.10
86.48,126500,0.11
86.50,123600,0.12
86.53,120508,0.15
86.55,117228,0.16
86.57,113828,0.15
86.60,110348,0.17
86.62,106808,0.18
86.65,103200,0.18
86.67,99544,0.18
86.69,95860,0.22
86.72,92140,0.19
86.74,88424,0.18
86.76,84680,0.21
86.79,80892,0.20
86.81,77080,0.23
86.84,73188,0.20
86.86,69224,0.22
86.88,65244,0.20
86.91,61204,0.23
86.93,57116,0.22
86.95,53008,0.20
86.98,48960,0.23
87.00,44936,0.24
87.02,40912,0.21
87.05,36928,0.23
87.07,32912,0.22
87.10,28860,0.22
87.12,24832,0.21
87.14,20896,0.19
87.17,17176,0.18
87.19,13604,0.15
87.21,10164,0.19
87.24,6760,0.21
87.26,3256,0.18
87.29,-196,0.15
87.31,-3616,0.20
87.33,-7136,0.16
87.36,-10720,0.16
87.38,-14104,0.15
87.40,-17292,0.13
87.43,-20392,0.15
87.45,-23440,0.13
87.48,-26412,0.12
87.50,-29384,0.11
87.52,-32300,0.11
87.55,-35020,0.10
87.57,-37616,0.12
87.59,-40180,0.10
87.62,-42824,0.10
87.64,-45476,0.11
87.66,-48052,0.10
87.69,-50592,0.11
87.71,-53220,0.09
87.74,-55860,0.09
87.76,-58280,0.07
87.78,-60372,0.07
87.81,-62292,0.05
87.83,-64100,0.05
87.86,-65776,0.04
87.88,-67224,0.03
87.90,-68320,-0.01
87.93,-68948,-0.00
87.95,-68868,-0.03
87.97,-68084,-0.03
88.00,-66760,-0.02
88.02,-65136,-0.05
88.04,-63260,-0.07
88.07,-61188,-0.07
88.09,-58968,-0.08
88.12,-56672,-0.10
88.14,-54320,-0.07
88.16,-51900,-0.07
88.19,-49432,-0.08
88.21,-46868,-0.08
88.23,-44236,-0.11
88.26,-41572,-0.11
88.28,-38828,-0.10
88.31,-35976,-0.13
88.33,-33080,-0.10
88.35,-30220,-0.11
88.38,-27404,-0.09
88.40,-24620,-0.10
88.43,-21812,-0.12
88.45,-18972,-0.11
88.47,-16044,-0.12
88.50,-13036,-0.12
88.52,-9964,-0.15
88.54,-6856,-0.14
88.57,-3672,-0.13
88.59,-508,-0.13
88.61,2628,-0.13
88.64,5668,-0.12
88.66,8656,-0.13
88.68,11556,-0.12
88.71,14396,-0.09
88.73,17188,-0.08
88.76,19920,-0.07
88.78,22504,-0.09
88.80,24936,-0.07
88.83,27276,-0.08
88.85,29556,-0.06
88.88,31792,-0.05
88.90,34048,-0.08
88.92,36408,-0.08
88.95,38892,-0.09
88.97,41452,-0.07
88.99,44000,-0.08
89.02,46496,-0.09
89.04,48952,-0.10
89.06,51432,-0.07
89.09,53944,-0.10
89.11,56448,-0.08
89.14,58896,-0.06
89.16,61292,-0.07
89.18,63644,-0.05
89.21,65936,-0.05
89.23,68136,-0.06
89.25,70324,-0.08
89.28,72528,-0.08
89.30,74684,-0.05
89.33,76804,-0.05
89.35,78896,-0.08
89.37,80940,-0.06
89.40,82944,-0.07
89.42,84948,-0.06
89.44,86968,-0.05
89.47,88848,-0.01
89.49,90384,0.02
89.52,91504,0.04
89.54,92048,0.06
89.56,91848,0.07
89.59,90920,0.05
89.61,89268,0.09
89.63,87028,0.08
89.66,84408,0.13
89.68,81500,0.14
89.70,78484,0.13
89.73,75380,0.15
89.75,72164,0.15
89.78,68836,0.19
89.80,65428,0.18
89.82,61892,0.15
89.85,58288,0.17
89.87,54696,0.17
89.89,51164,0.22
89.92,47640,0.22
89.94,44036,0.30
89.97,40376,0.35
89.99,36720,0.39
90.01,33068,0.39
90.04,29448,0.45
90.06,25932,0.48
90.08,22496,0.52
90.11,19136,0.53
90.13,15836,0.55
90.16,12580,0.58
90.18,9396,0.61
90.20,6280,0.64
90.23,3140,0.68
90.25,-36,0.76
90.27,-3288,0.79
90.30,-6716,0.85
90.32,-10352,0.91
90.34,-14132,0.91
90.37,-17912,0.98
90.39,-21624,0.97
90.42,-25284,1.01
90.44,-28888,1.06
90.46,-32388,1.04
90.49,-35840,1.11
90.51,-39252,1.19
90.54,-42652,1.20
90.56,-46044,1.29
90.58,-49440,1.34
90.61,-52840,1.45
90.63,-56136,1.47
90.65,-59328,1.52
90.68,-62368,1.59
90.70,-65256,1.61
90.72,-67944,1.70
90.75,-70460,1.78
90.77,-72752,1.92
90.80,-74808,1.99
90.82,-76760,2.12
90.84,-78548,2.23
90.87,-80200,2.39
90.89,-81728,2.45
90.91,-83100,2.63
90.94,-84228,2.76
90.96,-85172,3.00
90.99,-85868,3.18
91.01,-86444,3.35
91.03,-86904,3.62
91.06,-87252,3.84
91.08,-87476,4.07
91.11,-87560,4.24
91.13,-87468,4.44
91.15,-87224,4.60
91.18,-86744,4.78
91.20,-85976,4.97
91.22,-85056,5.11
91.25,-84060,5.25
91.27,-83068,5.35
91.29,-81968,5.50
91.32,-80736,5.64
91.34,-79408,5.72
91.37,-77936,5.83
91.39,-76484,5.92
91.41,-74856,6.11
91.44,-73060,6.29
91.46,-70904,6.54
91.48,-68068,6.74
91.51,-64272,6.92
91.53,-59312,7.16
91.55,-53368,7.24
91.58,-46772,7.32
91.60,-39820,7.43
91.63,-32524,7.55
91.65,-25140,7.66
91.67,-17724,7.74
91.70,-10388,7.85
91.72,-2936,7.96
91.75,4504,8.04
91.77,11920,8.09
91.79,19488,8.14
91.82,27200,8.21
91.84,35012,8.23
91.86,42996,8.27
91.89,51256,8.27
91.91,59840,8.26
91.93,68540,8.30
91.96,77596,8.27
91.98,86980,8.24
92.01,96536,8.21
92.03,106252,8.24
92.05,116116,8.29
92.08,125996,8.27
92.10,136056,8.21
92.13,146272,8.24
92.15,156352,8.29
92.17,166260,8.31
92.20,176288,8.32
92.22,186388,8.35
92.24,196340,8.37
92.27,206248,8.38
92.29,216076,8.47
92.31,225648,8.51
92.34,235324,8.52
92.36,244664,8.64
92.39,253792,8.66
92.41,262528,8.71
92.43,271052,8.69
92.46,279544,8.77
92.48,287972,8.76
92.51,296308,8.79
92.53,304572,8.84
92.55,312592,8.88
92.58,320564,8.93
92.60,328404,8.97
92.62,335996,8.96
92.65,343396,9.02
92.67,350688,9.06
92.70,357752,9.08
92.72,364644,9.19
92.74,371428,9.18
92.77,378136,9.19
92.79,384736,9.21
92.81,391132,9.28
92.84,397336,9.31
92.86,403304,9.40
92.89,408884,9.42
92.91,414168,9.43
92.93,419164,9.43
92.96,423860,9.53
92.98,428196,9.56
93.00,431924,9.52
93.03,435040,9.50
93.05,437432,9.45
93.08,438980,9.40
93.10,439996,9.31
93.12,440484,9.34
93.15,440220,9.24
93.17,439400,9.24
93.19,437956,9.31
93.22,436100,9.33
93.24,434176,9.41
93.27,432184,9.60
93.29,429972,9.72
93.31,427536,9.97
93.34,424676,10.14
93.36,421404,10.32
93.38,417752,10.50
93.41,413660,10.64
93.43,409108,10.86
93.46,404132,11.08
93.48,398788,11.23
93.50,393028,11.45
93.53,386796,11.39
93.55,379848,11.86
93.58,372532,11.85
93.60,364900,11.93
93.62,356828,12.05
93.65,348692,11.86
93.67,340320,12.02
93.70,331884,11.83
93.72,323492,12.02
93.74,315080,11.99
93.77,306884,12.02
93.79,298788,11.83
93.81,290828,11.88
93.84,283548,11.86
93.86,276300,12.07
93.89,269000,11.97
93.91,261924,11.97
93.93,254968,11.85
93.96,248232,11.91
93.98,241876,11.84
94.00,235660,11.88
94.03,229872,11.72
94.05,224204,11.59
94.08,218772,11.71
94.10,213676,11.60
94.12,208652,11.55
94.15,203672,11.64
94.17,199036,11.57
94.19,194548,11.56
94.22,190140,11.60
94.24,185912,11.76
94.27,181956,11.50
94.29,178188,11.42
94.31,174640,11.32
94.34,171332,11.21
94.36,168320,11.25
94.39,165332,11.26
94.41,162428,11.19
94.43,159600,11.13
94.46,156808,11.15
94.48,154036,11.14
94.50,151356,11.06
94.53,148844,11.13
94.55,146476,11.14
94.58,144132,11.10
94.60,141932,11.00
94.62,139828,10.93
94.65,137772,10.89
94.67,135856,10.94
94.70,134064,10.91
94.72,132432,10.87
94.74,130952,10.97
94.77,129752,10.68
94.79,128788,10.77
94.81,128064,10.87
94.84,127692,10.86
94.86,127756,10.92
94.89,128356,11.11
94.91,129316,11.02
94.93,130664,11.18
94.96,132304,11.18
94.98,133952,11.14
95.00,135752,11.12
95.03,137752,11.09
95.05,139840,11.06
95.08,142332,11.08
95.10,145164,11.15
95.12,148200,11.14
95.15,151604,11.08
95.17,155320,11.12
95.20,159320,11.14
95.22,163560,11.08
95.24,168200,11.13
95.27,173032,11.03
95.29,178016,10.96
95.31,183140,10.95
95.34,188264,10.86
95.36,193556,10.82
95.39,199028,10.82
95.41,204628,10.79
95.43,210384,10.74
95.46,216240,10.62
95.48,222296,10.61
95.51,228520,10.57
95.53,234924,10.50
95.55,241464,10.44
95.58,248076,10.41
95.60,254744,10.29
95.62,261564,10.23
95.65,268332,10.23
95.67,275204,10.18
95.70,282140,10.12
95.72,289116,10.07
95.74,296144,10.06
95.77,303188,9.98
95.79,310228,9.94
95.81,317392,9.92
95.84,324516,9.86
95.86,331580,9.84
95.89,338620,9.89
95.91,345524,9.86
95.93,352344,9.82
95.96,359132,9.77
95.98,365888,9.84
96.01,372652,9.76
96.03,379300,9.78
96.05,385888,9.78
96.08,392372,9.70
96.10,398988,9.69
96.12,405680,9.68
96.15,412460,9.66
96.17,419252,9.66
96.19,426020,9.70
96.22,432648,9.63
96.24,439020,9.71
96.27,445224,9.71
96.29,451328,9.67
96.31,457396,9.69
96.34,463364,9.72
96.36,469128,9.74
96.39,474632,9.77
96.41,479796,9.80
96.43,484752,9.76
96.46,489548,9.75
96.48,494132,9.75
96.50,498688,9.79
96.53,503128,9.82
96.55,507536,9.83
96.58,511752,9.76
96.60,515988,9.81
96.62,520256,9.82
96.65,524264,9.79
96.67,528076,9.77
96.69,531636,9.84
96.72,534924,9.81
96.74,538044,9.75
96.77,541092,9.81
96.79,544300,9.85
96.81,547720,9.84
96.84,551080,9.84
96.86,554320,9.84
96.88,557104,9.83
96.91,559124,9.79
96.93,560336,9.69
96.96,560632,9.66
96.98,560232,9.64
97.00,559176,9.49
97.03,557844,9.47
97.05,556156,9.61
97.07,554248,9.81
97.10,552028,9.86
97.12,549480,10.07
97.15,546580,10.30
97.17,543208,10.53
97.19,539468,10.67
97.22,535388,10.85
97.24,530944,10.90
97.26,526172,11.00
97.29,521084,11.41
97.31,515772,11.51
97.34,510056,11.62
97.36,503932,11.78
97.38,497648,12.03
97.41,491192,12.05
97.43,484432,11.91
97.46,477060,11.98
97.48,469292,12.24
97.50,461584,12.16
97.53,453632,12.05
97.55,445484,12.16
97.57,437160,12.28
97.60,428844,12.15
97.62,420564,12.25
97.65,412304,12.31
97.67,404220,12.15
97.69,396272,12.21
97.72,388528,12.14
97.74,380804,12.15
97.77,373460,12.06
97.79,366376,12.22
97.81,359540,12.05
97.84,352980,11.99
97.86,346624,11.86
97.88,340492,12.24
97.91,334664,11.78
97.93,328840,11.96
97.96,323152,12.21
97.98,317828,11.97
98.00,312752,11.73
98.03,307668,11.75
98.05,302792,11.81
98.07,298116,11.73
98.10,293548,11.66
98.12,289056,11.77
98.15,284836,11.76
98.17,280720,11.80
98.19,276700,11.75
98.22,272832,11.67
98.24,269140,11.58
98.27,265588,11.57
98.29,262184,11.47
98.31,259008,11.45
98.34,255940,11.42
98.36,253028,11.39
98.38,250268,11.35
98.41,247664,11.30
98.43,245164,11.31
98.46,242816,11.30
98.48,240592,11.15
98.50,238520,11.22
98.53,236572,11.07
98.55,234672,11.07
98.58,232884,11.14
98.60,231024,11.22
98.62,229200,11.13
98.65,227444,11.05
98.67,225780,11.09
98.69,224108,11.07
98.72,222552,11.15
98.74,220960,11.03
98.77,219504,11.05
98.79,218112,11.06
98.81,216836,11.17
98.84,215728,11.09
98.86,214776,11.08
98.88,214100,11.11
98.91,213500,11.15
98.93,213184,11.22
98.96,212828,11.09
98.98,212776,11.21
99.00,212808,11.13
99.03,213004,11.16
99.05,213288,11.20
99.08,213492,11.20
99.10,213928,11.29
99.12,214448,11.30
99.15,214952,11.21
99.17,215696,11.19
99.19,216688,11.20
99.22,217584,11.18
99.24,218480,11.24
99.27,219108,11.18
99.29,219584,11.20
99.31,219968,11.02
99.34,220404,11.08
99.36,220620,10.99
99.39,220812,11.01
99.41,220780,11.01
99.43,220676,10.99
99.46,220528,10.97
99.48,220376,10.92
99.50,220476,10.96
99.53,220840,11.02
99.55,221696,11.07
99.58,222876,11.10
99.60,224656,11.22
99.62,227012,11.25
99.65,229800,11.26
99.67,232772,11.22
99.69,235860,11.24
99.72,239068,11.21
99.74,242436,11.19
99.77,245880,11.24
99.79,249532,11.20
99.81,253452,11.25
99.84,257648,11.17
99.86,261824,11.16
99.89,266080,11.06
99.91,270332,11.01
99.93,274896,11.06
99.96,279496,10.97
99.98,284408,10.99
100.00,289264,10.93
100.03,294188,10.87
100.05,299152,10.83
100.08,304236,10.79
100.10,309472,10.78
100.12,314952,10.70
100.15,320684,10.72
100.17,326496,10.64
100.20,332444,10.58
100.22,338436,10.52
100.24,344544,10.51
100.27,350732,10.43
100.29,357064,10.43
100.32,363344,10.38
100.34,369732,10.34
100.36,376096,10.34
100.39,382384,10.28
100.41,388584,10.25
100.43,394716,10.25
100.46,400756,10.21
100.48,406932,10.19
100.51,413104,10.15
100.53,419156,10.18
100.55,425024,10.17
100.58,430704,10.13
100.60,436220,10.13
100.63,441592,10.07
100.65,446852,10.10
100.67,452044,10.09
100.70,457128,10.08
100.72,462212,10.03
100.75,467236,10.02
100.77,472088,10.12
100.79,476828,10.10
100.82,481348,9.99
100.84,485900,10.01
100.86,490428,10.08
100.89,494720,10.04
100.91,498812,9.98
100.93,502864,10.02
100.96,506752,9.99
100.98,510544,10.02
101.01,514296,9.96
101.03,517924,10.00
101.05,521420,10.03
101.08,524844,9.97
101.10,528212,10.04
101.13,531448,10.05
101.15,534540,9.95
101.17,537472,10.01
101.20,540240,10.04
101.22,542728,10.00
101.25,545112,9.98
101.27,547364,9.91
101.29,549448,10.03
101.32,551316,9.92
101.34,552804,9.89
101.36,553928,9.90
101.39,554688,9.79
101.41,555108,9.83
101.44,555060,9.78
101.46,554536,9.72
101.48,553776,9.76
101.51,552800,9.69
101.53,551752,9.73
101.56,550760,9.68
101.58,549752,9.80
101.60,548456,9.89
101.63,546816,9.95
101.65,544668,10.29
101.68,542048,10.54
101.70,538936,10.73
101.72,535416,10.92
101.75,531380,11.08
101.77,526800,11.33
101.79,521664,11.52
101.82,516060,11.65
101.84,510056,11.67
101.87,503664,11.93
101.89,496992,12.18
101.91,489916,12.11
101.94,482428,12.20
101.96,474568,12.24
101.98,466232,12.39
102.01,457576,12.43
102.03,449156,12.30
102.06,440488,12.34
102.08,431944,12.34
102.11,423492,12.34
102.13,415272,12.31
102.15,406992,12.38
102.18,398892,12.33
102.20,391040,12.25
102.22,383408,12.25
102.25,375984,12.18
102.27,368980,12.26
102.29,362208,12.23
102.32,355584,12.21
102.34,349360,11.99
102.37,343332,12.04
102.39,337592,11.86
102.41,332048,12.05
102.44,326884,12.00
102.46,321884,11.94
102.49,316996,11.84
102.51,312340,12.02
102.53,307932,11.84
102.56,303712,11.73
102.58,299616,11.66
102.61,295792,11.51
102.63,292172,11.49
102.65,288844,11.55
102.68,285740,11.61
102.70,282644,11.60
102.72,279608,11.57
102.75,276600,11.52
102.77,273680,11.40
102.80,270828,11.42
102.82,268160,11.34
102.84,265604,11.32
102.87,263164,11.29
102.89,260760,11.30
102.92,258464,11.21
102.94,256352,11.10
102.96,254280,11.21
102.99,252316,11.16
103.01,250536,11.07
103.04,248872,11.08
103.06,247384,11.17
103.08,246004,11.14
103.11,244808,11.09
103.13,243824,11.10
103.15,242924,11.06
103.18,242208,11.09
103.20,241580,11.13
103.23,241076,11.16
103.25,240716,11.10
103.27,240440,11.22
103.30,240216,11.13
103.32,240000,11.20
103.35,239836,11.11
103.37,239640,11.16
103.39,239628,11.14
103.42,239948,11.18
103.44,240544,11.33
103.46,241404,11.23
103.49,242484,11.31
103.51,243668,11.15
103.54,244976,11.32
103.56,246296,11.30
103.58,247564,11.30
103.61,248956,11.24
103.63,250384,11.28
103.66,251724,11.19
103.68,253028,11.23
103.70,254496,11.19
103.73,256220,11.12
103.75,258332,11.24
103.77,260924,11.25
103.80,264244,11.18
103.82,268176,11.31
103.85,272620,11.30
103.87,277504,11.32
103.89,282592,11.29
103.92,287820,11.21
103.94,293104,11.19
103.97,298468,11.12
103.99,303908,11.04
104.01,309464,11.06
104.04,315208,10.92
104.06,321004,10.86
104.08,326960,10.89
104.11,333044,10.81
104.13,339116,10.76
104.16,345208,10.71
104.18,351356,10.67
104.20,357532,10.61
104.23,363812,10.60
104.25,370160,10.54
104.28,376460,10.46
104.30,382864,10.42
104.32,389256,10.39
104.35,395616,10.38
104.37,401884,10.33
104.39,408108,10.32
104.42,414164,10.23
104.44,420352,10.23
104.47,426516,10.17
104.49,432688,10.19
104.51,438844,10.18
104.54,444936,10.10
104.56,450908,10.11
104.59,456848,10.12
104.61,462660,10.10
104.63,468336,10.10
104.66,473836,10.12
104.68,479236,10.06
104.71,484468,10.08
104.73,489540,10.12
104.75,494448,10.04
104.78,499264,10.00
104.80,504000,10.02
104.82,508636,10.07
104.85,512912,10.00
104.87,517160,10.02
104.90,521332,10.06
104.92,525284,10.04
104.94,529136,10.11
104.97,532680,9.96
104.99,536036,9.95
105.02,539180,10.02
105.04,542132,10.01
105.06,544776,9.94
105.09,547072,9.94
105.11,549124,9.96
105.14,550908,9.93
105.16,552468,9.90
105.18,553940,9.91
105.21,555340,9.93
105.23,556684,9.89
105.25,558212,9.88
105.28,559808,10.05
105.30,561188,10.01
105.33,562468,10.03
105.35,563440,9.89
105.37,564244,9.94
105.40,564796,9.94
105.42,565052,9.86
105.44,564872,9.89
105.47,564244,9.87
105.49,563100,9.85
105.52,561496,9.96
105.54,559388,10.09
105.56,556900,10.37
105.59,554008,10.56
105.61,550680,10.77
105.63,546880,11.00
105.66,542568,11.17
105.68,537768,11.36
105.71,532488,11.41
105.73,526804,11.65
105.75,520772,11.84
105.78,514528,11.83
105.80,507956,12.07
105.83,501348,12.05
105.85,494676,12.12
105.87,487960,11.99
105.90,480948,12.07
105.92,473784,12.42
105.95,466764,12.30
105.97,459644,12.14
105.99,452400,12.28
106.02,445200,12.32
106.04,437960,12.30
106.06,430680,12.35
106.09,423612,12.17
106.11,416524,12.13
106.14,409456,12.19
106.16,402496,12.35
106.18,395840,12.22
106.21,389252,12.11
106.23,382768,12.40
106.26,376564,12.03
106.28,370368,12.28
106.30,364552,12.19
106.33,358920,12.18
106.35,353472,12.09
106.38,348308,11.94
106.40,343328,11.92
106.42,338580,11.74
106.45,333868,11.77
106.47,329392,11.83
106.50,325192,11.79
106.52,321024,11.83
106.54,316952,11.73
106.57,313016,11.87
106.59,309160,11.87
106.61,305372,11.79
106.64,301652,11.73
106.66,298064,11.70
106.69,294632,11.61
106.71,291360,11.61
106.73,288284,11.62
106.76,285428,11.62
106.78,282840,11.58
106.81,280352,11.34
106.83,277968,11.36
106.85,275712,11.38
106.88,273500,11.29
106.90,271392,11.30
106.93,269272,11.33
106.95,267384,11.27
106.97,265532,11.22
107.00,263848,11.17
107.02,262168,11.22
107.04,260612,11.16
107.07,259128,11.17
107.09,257800,11.17
107.12,256484,11.23
107.14,255268,11.17
107.16,254236,11.18
107.19,253364,11.21
107.21,252612,11.20
107.23,251904,11.27
107.26,251512,11.35
107.28,251072,11.18
107.31,251020,11.27
107.33,250820,11.19
107.36,250932,11.27
107.38,251092,11.30
107.40,251192,11.31
107.43,251468,11.29
107.45,251888,11.33
107.47,252432,11.37
107.50,253088,11.24
107.52,253936,11.36
107.54,255124,11.42
107.57,256600,11.47
107.59,258456,11.33
107.62,260888,11.50
107.64,263852,11.57
107.66,267400,11.59
107.69,271392,11.50
107.71,275728,11.48
107.74,280264,11.51
107.76,285036,11.40
107.78,289896,11.38
107.81,294992,11.38
107.83,300176,11.29
107.86,305512,11.23
107.88,311044,11.21
107.90,316692,11.14
107.93,322508,11.13
107.95,328336,11.07
107.97,334192,11.00
108.00,340076,10.93
108.02,346064,10.88
108.05,352156,10.79
108.07,358244,10.82
108.09,364292,10.77
108.12,370264,10.74
108.14,376044,10.69
108.17,381872,10.68
108.19,387664,10.61
108.21,393280,10.57
108.24,398784,10.55
108.26,404224,10.51
108.29,409708,10.50
108.31,415216,10.41
108.33,420764,10.40
108.36,426396,10.38
108.38,432148,10.36
108.40,437996,10.29
108.43,443908,10.26
108.45,449920,10.23
108.48,455884,10.23
108.50,461712,10.25
108.52,467452,10.22
108.55,473088,10.20
108.57,478576,10.16
108.60,483944,10.19
108.62,489184,10.21
108.64,494196,10.19
108.67,498956,10.17
108.69,503620,10.16
108.71,508204,10.13
108.74,512656,10.16
108.76,517020,10.12
108.79,521188,10.10
108.81,525308,10.09
108.83,529332,10.13
108.86,533284,10.11
108.88,537164,10.09
108.91,540992,10.08
108.93,544808,10.04
108.95,548536,10.11
108.98,552148,10.08
109.00,555648,10.07
109.02,559084,9.96
109.05,562448,10.07
109.07,565744,10.08
109.10,568856,10.00
109.12,571872,10.07
109.14,574856,10.12
109.17,577912,10.13
109.19,580948,10.07
109.22,584024,10.11
109.24,586964,10.06
109.26,589844,10.05
109.29,592496,10.04
109.31,594832,9.99
109.33,596816,10.00
109.36,598372,9.96
109.38,599512,10.02
109.41,599964,9.88
109.43,599924,9.88
109.45,599272,9.75
109.48,597976,9.83
109.50,596280,9.77
109.53,594400,9.86
109.55,592172,10.00
109.57,589572,10.40
109.60,586440,10.70
109.62,582572,10.95
109.64,578104,11.18
109.67,573084,11.28
109.69,567624,11.48
109.72,561812,11.70
109.74,555728,11.57
109.76,549164,12.02
109.79,542496,11.95
109.81,535456,11.92
109.84,528140,11.96
109.86,520792,12.10
109.88,513492,12.11
109.91,506160,12.23
109.93,498840,12.18
109.96,491456,12.13
109.98,484096,12.35
110.00,476736,12.10
110.03,469080,12.30
110.05,461792,12.31
110.07,454364,12.30
110.10,447256,12.19
110.12,440120,12.31
110.15,433212,12.19
110.17,426624,12.16
110.19,420192,12.16
110.22,413888,12.04
110.24,407612,12.12
110.27,401668,12.00
110.29,395812,12.02
110.31,390152,12.08
110.34,384684,11.97
110.36,379404,12.01
110.38,374452,11.91
110.41,369540,11.85
110.43,364748,12.00
110.46,360244,12.08
110.48,356032,11.88
110.50,352032,11.77
110.53,348148,11.73
110.55,344428,11.71
110.58,340908,11.73
110.60,337536,11.70
110.62,334312,11.61
110.65,331216,11.62
110.67,328268,11.46
110.69,325512,11.29
110.72,322896,11.40
110.74,320376,11.35
110.77,317960,11.33
110.79,315668,11.33
110.81,313428,11.27
110.84,311288,11.27
110.86,309228,11.12
110.89,307324,11.14
110.91,305620,11.18
110.93,304044,11.15
110.96,302756,11.08
110.98,301700,11.17
111.00,300820,11.19
111.03,299992,11.15
111.05,299376,11.21
111.08,298696,11.13
111.10,298176,11.14
111.12,297808,11.19
111.15,297500,11.21
111.17,297328,11.22
111.20,297052,11.17
111.22,296724,11.15
111.24,296312,11.12
111.27,296076,11.15
111.29,295816,11.19
111.31,295500,11.09
111.34,295420,11.15
111.36,295516,11.19
111.39,295984,11.24
111.41,296880,11.33
111.43,298228,11.45
111.46,299968,11.48
111.48,302016,11.39
111.51,304164,11.48
111.53,306472,11.44
111.55,308848,11.31
111.58,311248,11.41
111.60,313652,11.34
111.63,315984,11.29
111.65,318568,11.34
111.67,321384,11.36
111.70,324388,11.27
111.72,327776,11.35
111.75,331416,11.27
111.77,335356,11.28
111.79,339632,11.27
111.82,344128,11.28
111.84,348712,11.21
111.86,353348,11.17
111.89,357956,11.11
111.91,362672,11.12
111.94,367484,11.10
111.96,372428,11.02
111.98,377388,11.04
112.01,382420,10.92
112.03,387604,10.95
112.06,392952,10.86
112.08,398388,10.85
112.10,403848,10.82
112.13,409348,10.78
112.15,414844,10.74
112.18,420396,10.64
112.20,426056,10.64
112.22,431720,10.66
112.25,437336,10.56
112.27,442956,10.54
112.29,448528,10.49
112.32,454108,10.52
112.34,459664,10.47
112.37,465136,10.39
112.39,470604,10.36
112.41,476032,10.42
112.44,481172,10.39
112.46,486176,10.39
112.49,491104,10.38
112.51,495832,10.28
112.53,500576,10.30
112.56,505308,10.35
112.58,509836,10.25
112.61,514316,10.31
112.63,518452,10.18
112.65,522412,10.30
112.68,526180,10.29
112.70,529836,10.23
112.72,533324,10.22
112.75,536636,10.19
112.77,539824,10.19
112.80,542760,10.12
112.82,545420,10.10
112.84,547872,10.07
112.87,550140,10.12
112.89,552360,10.09
112.91,554484,10.15
112.94,556392,10.00
112.96,558152,10.11
112.99,559688,10.07
113.01,560984,10.11
113.04,561992,10.02
113.06,562896,9.96
113.08,563596,9.97
113.11,564072,9.91
113.13,564244,10.02
113.15,564088,9.87
113.18,563724,9.87
113.20,562948,9.96
113.22,561732,9.92
113.25,560120,10.00
113.27,558176,10.10
113.30,555916,10.21
113.32,553424,10.41
113.34,550564,10.56
113.37,547332,10.89
113.39,543592,11.07
113.42,539288,11.18
113.44,534480,11.38
113.46,529208,11.61
113.49,523580,11.87
113.51,517808,11.86
113.54,511936,11.99
113.56,505856,12.09
113.58,499592,12.13
113.61,493220,11.98
113.63,486620,12.25
113.65,480008,12.00
113.68,473300,12.12
113.70,466696,12.27
113.73,460064,12.22
113.75,453472,12.25
113.77,446960,12.16
113.80,440592,12.10
113.82,434300,12.26
113.85,428188,12.24
113.87,422236,12.10
113.89,416276,12.21
113.92,410544,12.07
113.94,405108,12.14
113.96,399760,11.96
113.99,394568,11.85
114.01,389524,11.87
114.04,384584,12.02
114.06,379896,11.95
114.08,375568,11.73
114.11,371376,11.71
114.13,367400,11.67
114.16,363580,11.60
114.18,359944,11.67
114.20,356376,11.63
114.23,352904,11.64
114.25,349572,11.60
114.27,346420,11.49
114.30,343424,11.40
114.32,340512,11.36
114.35,337752,11.46
114.37,335028,11.46
114.39,332416,11.48
114.42,329888,11.33
114.44,327496,11.34
114.47,325244,11.34
114.49,323032,11.29
114.51,321020,11.29
114.54,319036,11.14
114.56,317180,11.08
114.58,315572,11.21
114.61,314000,11.21
114.63,312596,11.10
114.66,311368,11.08
114.68,310280,11.09
114.70,309316,11.10
114.73,308516,11.19
114.75,307792,11.23
114.78,307124,11.16
114.80,306600,11.22
114.82,306132,11.09
114.85,305844,11.25
114.87,305640,11.20
114.89,305668,11.23
114.92,305896,11.31
114.94,306368,11.31
114.97,306892,11.32
114.99,307276,11.31
115.01,307680,11.34
115.04,307964,11.22
115.06,308348,11.30
115.09,309032,11.22
115.11,310296,11.41
115.13,312284,11.51
115.16,315120,11.54
115.18,318580,11.57
115.21,322428,11.53
115.23,326540,11.52
115.25,330920,11.52
115.28,335376,11.54
115.30,339908,11.47
115.32,344460,11.43
115.35,349080,11.39
115.37,353828,11.32
115.40,358576,11.31
115.42,363380,11.24
115.44,368276,11.22
115.47,373112,11.10
115.49,378120,11.07
115.52,383244,11.06
115.54,388316,11.03
115.56,393568,10.99
115.59,398924,10.88
115.61,404348,10.90
115.64,409768,10.82
115.66,415248,10.80
115.68,420700,10.77
115.71,426180,10.78
115.73,431512,10.73
115.76,436920,10.72
115.78,442268,10.59
115.80,447600,10.57
115.83,452880,10.54
115.85,458180,10.54
115.87,463512,10.53
115.90,468700,10.53
115.92,473716,10.52
115.95,478724,10.42
115.97,483676,10.47
115.99,488500,10.42
116.02,493300,10.38
116.04,498032,10.41
116.07,502600,10.36
116.09,507160,10.32
116.11,511756,10.32
116.14,516296,10.35
116.16,520684,10.37
116.18,524852,10.26
116.21,528924,10.28
116.23,532836,10.27
116.26,536576,10.24
116.28,540160,10.27
116.30,543596,10.20
116.33,546804,10.17
116.35,549844,10.10
116.38,552692,10.16
116.40,555340,10.11
116.42,557832,10.17
116.45,560224,10.12
116.47,562504,10.10
116.50,564644,10.10
116.52,566600,10.15
116.54,568500,10.05
116.57,570188,10.16
116.59,571672,10.06
116.61,573080,10.08
116.64,574276,10.06
116.66,575132,10.01
116.69,575712,10.01
116.71,575872,9.87
116.73,575808,9.92
116.76,575336,9.87
116.78,574824,9.90
116.80,574188,9.89
116.83,573488,9.84
116.85,572700,9.99
116.88,571772,9.79
116.90,570784,9.95
116.92,569580,10.03
116.95,568100,10.01
116.97,566212,10.21
117.00,563952,10.42
117.02,561296,10.66
117.04,558220,10.85
117.07,554708,11.07
117.09,550748,11.21
117.11,546404,11.39
117.14,541840,11.36
117.16,537056,11.37
117.19,532116,11.52
117.21,527088,11.67
117.23,521916,11.80
117.26,516540,11.84
117.28,510960,12.09
117.31,505288,12.12
117.33,499484,12.23
117.35,493628,12.08
117.38,487564,12.17
117.40,481468,12.12
117.43,475336,12.23
117.45,469204,12.12
117.47,462892,12.40
117.50,456612,12.47
117.52,450484,12.16
117.54,444268,12.29
117.57,438224,12.26
117.59,432268,12.10
117.62,426368,12.30
117.64,420672,12.25
117.66,415100,12.28
117.69,409624,12.32
117.71,404280,12.12
117.74,399152,11.99
117.76,394080,11.87
117.78,389188,11.95
117.81,384680,11.87
117.83,380272,11.84
117.86,375908,11.75
117.88,371648,11.74
117.90,367540,11.84
117.93,363620,11.96
117.95,359988,11.81
117.97,356508,11.78
118.00,353284,11.72
118.02,350184,11.60
118.05,347260,11.44
118.07,344384,11.55
118.09,341548,11.64
118.12,338748,11.57
118.14,336036,11.58
118.16,333380,11.53
118.19,330932,11.42
118.21,328464,11.44
118.24,326156,11.42
118.26,323828,11.42
118.29,321596,11.39
118.31,319428,11.40
118.33,317352,11.33
118.36,315304,11.36
118.38,313388,11.42
118.40,311512,11.40
118.43,309760,11.31
118.45,308132,11.24
118.47,306608,11.29
118.50,305240,11.28
118.52,303968,11.22
118.55,302900,11.32
118.57,301824,11.29
118.59,300952,11.29
118.62,300068,11.41
118.64,299244,11.31
118.67,298500,11.30
118.69,297716,11.21
118.71,297044,11.32
118.74,296380,11.31
118.76,295828,11.33
118.79,295424,11.29
118.81,295380,11.46
118.83,295532,11.47
118.86,295872,11.41
118.88,296340,11.47
118.90,296800,11.42
118.93,297248,11.39
118.95,297732,11.38
118.98,298252,11.40
119.00,298848,11.41
119.02,299380,11.28
119.05,299984,11.38
119.07,300656,11.28
119.10,301588,11.39
119.12,302920,11.43
119.14,304676,11.47
119.17,306912,11.51
119.19,309632,11.58
119.22,312808,11.58
119.24,316300,11.63
119.26,319904,11.53
119.29,323680,11.45
119.31,327676,11.47
119.33,331972,11.45
119.36,336400,11.45
119.38,340832,11.36
119.41,345244,11.38
119.43,349724,11.32
119.45,354252,11.25
119.48,358804,11.16
119.50,363464,11.27
119.53,368028,11.16
119.55,372584,11.12
119.57,377068,11.07
119.60,381624,11.01
119.62,386228,10.99
119.65,390924,10.95
119.67,395660,10.99
119.69,400404,10.96
119.72,405044,10.91
119.74,409664,10.86
119.76,414236,10.86
119.79,418892,10.70
119.81,423528,10.76
119.84,428220,10.71
119.86,432940,10.71
119.88,437456,10.70
119.91,441964,10.67
119.93,446484,10.65
119.96,450968,10.56
119.98,455428,10.51
120.00,459976,10.45
120.03,464488,10.59
120.05,468940,10.51
120.07,473412,10.49
120.10,477796,10.52
120.12,482148,10.44
120.15,486520,10.50
120.17,490812,10.40
120.19,495084,10.36
120.22,499272,10.34
120.24,503460,10.34
120.27,507572,10.37
120.29,511640,10.33
120.31,515664,10.34
120.34,519652,10.30
120.36,523592,10.26
120.38,527496,10.25
120.41,531320,10.29
120.43,535104,10.25
120.46,538844,10.23
120.48,542528,10.25
120.50,546112,10.26
120.53,549580,10.22
120.55,552876,10.21
120.58,555980,10.13
120.60,558992,10.19
120.62,561836,10.20
120.65,564384,10.22
120.67,566644,10.11
120.69,568580,10.11
120.72,570268,10.06
120.74,571716,10.15
120.77,572804,10.07
120.79,573492,9.96
120.81,573732,9.97
120.84,573404,9.86
120.86,572220,9.87
120.89,570280,10.04
120.91,567940,10.20
120.93,565324,10.38
120.96,562396,10.54
120.98,559140,10.74
121.01,555504,10.82
121.03,551532,11.09
121.05,547156,11.16
121.08,542444,11.27
121.10,537404,11.37
121.12,532124,11.44
121.15,526656,11.56
121.17,520984,11.86
121.20,515320,11.81
121.22,509560,11.84
121.24,503764,11.97
121.27,497912,11.90
121.29,491856,11.94
121.32,485688,12.11
121.34,479640,12.17
121.36,473552,12.03
121.39,467492,11.88
121.41,461264,12.05
121.44,455168,12.16
121.46,449036,12.16
121.48,443032,12.30
121.51,437172,12.25
121.53,431412,12.08
121.55,425896,12.05
121.58,420428,11.85
121.60,415080,12.04
121.63,409916,11.94
121.65,404928,11.92
121.67,400060,12.05
121.70,395588,11.86
121.72,391088,11.82
121.75,386664,11.81
121.77,382448,11.81
121.79,378380,11.91
121.82,374500,11.86
121.84,370880,11.78
121.86,367428,11.60
121.89,364124,11.51
121.91,360928,11.47
121.94,357768,11.52
121.96,354700,11.52
121.98,351712,11.49
122.01,348780,11.44
122.03,345940,11.53
122.06,343272,11.53
122.08,340720,11.38
122.10,338280,11.26
122.13,335916,11.32
122.15,333560,11.30
122.18,331360,11.36
122.20,329208,11.27
122.22,327188,11.20
122.25,325240,11.18
122.27,323404,11.21
122.29,321760,11.17
122.32,320256,11.19
122.34,318948,11.14
122.37,317804,11.14
122.39,316856,11.15
122.41,316172,11.23
122.44,315596,11.27
122.46,315240,11.22
122.48,315120,11.25
122.51,315168,11.31
122.53,315572,11.34
122.56,316216,11.35
122.58,317256,11.40
122.61,318796,11.62
122.63,320756,11.48
122.65,323172,11.52
122.68,325808,11.54
122.70,328648,11.56
122.72,331616,11.52
122.75,334680,11.48
122.77,337788,11.49
122.80,341112,11.51
122.82,344480,11.38
122.84,348008,11.46
122.87,351680,11.38
122.89,355452,11.37
122.91,359228,11.33
122.94,363236,11.31
122.96,367460,11.26
122.99,371888,11.24
123.01,376480,11.25
123.03,381392,11.27
123.06,386500,11.21
123.08,391716,11.11
123.11,396948,11.14
123.13,402164,11.03
123.15,407416,10.98
123.18,412540,10.98
123.20,417592,10.87
123.23,422452,10.88
123.25,427284,10.81
123.27,432120,10.88
123.30,436808,10.81
123.32,441472,10.72
123.34,446200,10.72
123.37,450860,10.75
123.39,455396,10.68
123.42,460008,10.68
123.44,464604,10.62
123.46,469256,10.54
123.49,473864,10.64
123.51,478464,10.55
123.54,482972,10.59
123.56,487552,10.54
123.58,492100,10.59
123.61,496592,10.48
123.63,500872,10.45
123.65,505036,10.45
123.68,509180,10.44
123.70,513332,10.39
123.73,517520,10.38
123.75,521676,10.35
123.77,525872,10.38
123.80,530132,10.32
123.82,534304,10.42
123.85,538444,10.40
123.87,542428,10.32
123.89,546284,10.30
123.92,549992,10.24
123.94,553656,10.24
123.96,557208,10.24
123.99,560580,10.24
124.01,563800,10.23
124.04,566868,10.25
124.06,569712,10.23
124.08,572368,10.17
124.11,574848,10.13
124.13,577060,10.16
124.16,579116,10.14
124.18,580984,10.18
124.20,582680,10.21
124.23,583984,10.03
124.25,585116,10.06
124.28,585928,10.06
124.30,586460,9.97
124.32,586644,10.03
124.35,586352,9.99
124.37,585516,9.82
124.39,584032,9.91
124.42,582060,10.09
124.44,579688,10.24
124.47,577048,10.38
124.49,574112,10.45
124.51,570916,10.71
124.54,567484,10.93
124.56,563716,11.06
124.58,559640,11.16
124.61,555336,11.18
124.63,550824,11.38
124.66,546068,11.53
124.68,541144,11.65
124.70,536212,11.62
124.73,531140,11.79
124.75,525916,11.91
124.78,520500,11.93
124.80,515040,11.90
124.82,509388,11.84
124.85,503528,12.03
124.87,497660,12.00
124.90,491764,12.09
124.92,485752,12.25
124.94,479964,12.11
124.97,474136,11.94
124.99,468316,12.15
125.02,462648,11.99
125.04,456904,11.99
125.06,451364,11.99
125.09,445820,12.19
125.11,440548,12.22
125.13,435392,12.13
125.16,430404,11.99
125.18,425492,11.80
125.21,420656,11.84
125.23,415984,11.73
125.25,411456,11.75
125.28,407144,11.90
125.30,402944,11.75
125.33,398888,11.76
125.35,394980,11.72
125.37,391204,11.62
125.40,387624,11.59
125.42,384272,11.51
125.44,381064,11.53
125.47,377988,11.50
125.49,374976,11.46
125.52,372108,11.44
125.54,369464,11.49
125.56,366852,11.49
125.59,364356,11.40
125.61,361924,11.44
125.64,359516,11.34
125.66,357252,11.43
125.68,355096,11.32
125.71,353088,11.23
125.73,351396,11.23
125.75,349836,11.17
125.78,348372,11.19
125.80,346888,11.17
125.83,345552,11.21
125.85,344240,11.17
125.87,343016,11.13
125.90,341848,11.16
125.92,340880,11.12
125.95,339948,11.21
125.97,339092,11.22
126.00,338304,11.28
126.02,337664,11.19
126.04,337044,11.24
126.06,336568,11.38
126.09,336108,11.29
126.11,335888,11.23
126.14,335856,11.27
126.16,336108,11.32
126.18,336560,11.37
126.21,337452,11.52
126.23,338860,11.55
126.26,340604,11.45
126.28,342688,11.60
126.30,344936,11.57
126.33,347324,11.54
126.35,350044,11.53
126.37,353168,11.61
126.40,356556,11.61
126.42,360228,11.55
126.45,364072,11.53
126.47,368112,11.53
126.50,372244,11.42
126.52,376508,11.49
126.54,380964,11.39
126.57,385596,11.35
126.59,390380,11.37
126.61,395280,11.30
126.64,400200,11.30
126.66,405064,11.19
126.69,409916,11.12
126.71,414896,11.11
126.73,419780,11.07
126.76,424812,11.07
126.78,429852,10.98
126.81,434884,11.00
126.83,439948,10.96
126.85,444972,10.92
126.88,449904,10.84
126.90,454780,10.77
126.93,459680,10.80
126.95,464600,10.80
126.97,469444,10.73
127.00,474296,10.72
127.02,479144,10.64
127.04,483976,10.64
127.07,488792,10.67
127.09,493500,10.65
127.12,498204,10.57
127.14,502768,10.57
127.16,507392,10.54
127.19,511912,10.51
127.21,516396,10.49
127.24,520876,10.43
127.26,525264,10.45
127.28,529536,10.48
127.31,533724,10.47
127.33,537736,10.41
127.35,541648,10.34
127.38,545516,10.32
127.40,549404,10.30
127.43,553280,10.29
127.45,557112,10.31
127.47,560908,10.30
127.50,564528,10.26
127.52,568032,10.30
127.55,571432,10.30
127.57,574736,10.25
127.59,577984,10.26
127.62,581116,10.26
127.64,584132,10.22
127.66,586928,10.24
127.69,589572,10.25
127.71,592088,10.25
127.74,594380,10.08
127.76,596524,10.23
127.78,598492,10.18
127.81,600196,10.10
127.83,601740,10.14
127.86,602976,10.08
127.88,603820,10.06
127.90,604276,9.99
127.93,604188,9.95
127.95,603332,9.94
127.97,601756,9.89
128.00,599792,10.00
128.02,597604,10.17
128.05,595260,10.32
128.07,592728,10.45
128.10,589968,10.55
128.12,586916,10.68
128.14,583596,10.83
128.17,580040,10.92
128.19,576204,11.05
128.21,572108,11.18
128.24,567720,11.26
128.26,562980,11.49
128.29,557940,11.81
128.31,552728,12.05
128.33,547336,11.96
128.36,541576,11.91
128.38,535528,12.33
128.41,529296,12.17
128.43,522704,12.31
128.45,515852,12.37
128.48,508672,12.52
128.50,501464,12.65
128.52,494300,12.33
128.55,487044,12.17
128.57,480292,12.31
128.60,473752,12.52
128.62,467068,12.32
128.64,460428,12.34
128.67,453868,12.43
128.69,447456,12.51
128.72,441276,12.16
128.74,435224,12.16
128.76,429488,12.28
128.79,423956,12.13
128.81,418588,12.12
128.83,413460,12.13
128.86,408644,11.96
128.88,403904,11.85
128.91,399304,11.76
128.93,394924,11.66
128.95,390860,11.99
128.98,387048,11.72
129.00,383532,11.74
129.03,380148,11.68
129.05,376836,11.69
129.07,373640,11.59
129.10,370580,11.56
129.12,367612,11.59
129.14,364800,11.57
129.17,362096,11.45
129.19,359564,11.45
129.22,357132,11.43
129.24,354752,11.34
129.26,352452,11.35
129.29,350180,11.41
129.31,347992,11.39
129.34,345920,11.26
129.36,343936,11.29
129.38,342036,11.37
129.41,340176,11.30
129.43,338528,11.16
129.46,337056,11.22
129.48,335688,11.25
129.50,334336,11.22
129.53,333216,11.16
129.55,332236,11.30
129.57,331392,11.18
129.60,330708,11.26
129.62,330112,11.31
129.65,329840,11.25
129.67,329656,11.30
129.69,329556,11.32
129.72,329740,11.30
129.74,330268,11.38
129.77,331044,11.36
129.79,332244,11.43
129.81,333988,11.54
129.84,336104,11.62
129.86,338644,11.68
129.88,341484,11.57
129.91,344712,11.62
129.93,348184,11.65
129.96,351912,11.61
129.98,355904,11.57
130.00,360012,11.53
130.03,364376,11.56
130.05,368828,11.45
130.08,373468,11.42
130.10,378144,11.41
130.12,382940,11.40
130.15,387676,11.32
130.17,392476,11.26
130.20,397208,11.25
130.22,401884,11.20
130.24,406496,11.12
130.27,411204,11.13
130.29,415884,11.06
130.32,420552,10.97
130.34,425048,11.00
130.36,429528,10.99
130.38,434016,10.95
130.41,438484,10.88
130.43,443116,10.83
130.46,447920,10.86
130.48,452868,10.78
130.51,458132,10.77
130.53,463364,10.82
130.55,468552,10.73
130.58,473860,10.61
130.60,479072,10.62
130.63,484212,10.62
130.65,489324,10.64
130.67,494436,10.55
130.70,499516,10.56
130.72,504540,10.54
130.74,509544,10.50
130.77,514512,10.45
130.79,519436,10.44
130.82,524272,10.41
130.84,529160,10.45
130.86,533860,10.34
130.89,538496,10.36
130.91,543048,10.32
130.94,547692,10.38
130.96,552216,10.25
130.98,556800,10.32
131.01,561468,10.33
131.03,566008,10.28
131.05,570448,10.31
131.08,574824,10.31
131.10,579068,10.25
131.13,583264,10.25
131.15,587352,10.24
131.17,591264,10.19
131.20,594984,10.24
131.22,598572,10.18
131.25,601940,10.19
131.27,604976,10.14
131.29,607780,10.19
131.32,610304,10.05
131.34,612548,10.10
131.36,614468,10.07
131.39,616024,10.02
131.41,617220,10.03
131.44,617900,9.94
131.46,617904,9.87
131.48,617252,9.90
131.51,615804,9.90
131.53,613816,10.00
131.55,611504,10.19
131.58,608860,10.37
131.60,605924,10.54
131.63,602584,10.81
131.65,598844,10.94
131.68,594664,11.11
131.70,590068,11.33
131.72,585124,11.35
131.75,579900,11.41
131.77,574396,11.48
131.79,568732,11.81
131.82,563056,11.81
131.84,557252,11.93
131.87,551420,11.98
131.89,545464,11.90
131.91,539440,11.83
131.94,533380,11.86
131.96,527260,12.21
131.99,521132,12.07
132.01,514968,11.90
132.03,508756,12.12
132.06,502700,11.87
132.08,496648,11.91
132.11,490740,12.13
132.13,485236,11.93
132.15,479732,12.00
132.18,474448,11.81
132.20,469156,11.83
132.22,464112,11.88
132.25,459124,11.89
132.27,454192,11.97
132.30,449600,11.76
132.32,445092,11.93
132.34,440716,11.91
132.37,436476,11.81
132.39,432292,11.77
132.41,428224,11.78
132.44,424280,11.74
132.46,420444,11.76
132.49,416788,11.70
132.51,413264,11.61
132.53,409952,11.57
132.56,406768,11.51
132.58,403712,11.48
132.61,400772,11.44
132.63,397944,11.31
132.65,395304,11.36
132.68,392760,11.43
132.70,390272,11.37
132.73,387920,11.34
132.75,385604,11.40
132.77,383352,11.35
132.80,381260,11.21
132.82,379312,11.23
132.84,377576,11.11
132.87,376044,11.14
132.89,374644,11.12
132.92,373308,11.20
132.94,372048,11.12
132.96,370808,11.14
132.99,369744,11.16
133.01,368820,11.25
133.04,368128,11.09
133.06,367772,11.31
133.08,367568,11.29
133.11,367664,11.41
133.13,367852,11.38
133.15,368316,11.34
133.18,369124,11.40
133.20,370004,11.40
133.23,371012,11.45
133.25,372260,11.47
133.27,373692,11.43
133.30,375436,11.51
133.32,377600,11.50
133.35,380268,11.49
133.37,383376,11.52
133.39,386900,11.50
133.42,390764,11.56
133.44,394940,11.53
133.47,399212,11.52
133.49,403708,11.51
133.51,408372,11.46
133.54,413232,11.33
133.56,418280,11.40
133.58,423392,11.30
133.61,428560,11.25
133.63,433688,11.24
133.66,438852,11.09
133.68,444120,11.08
133.70,449408,11.08
133.73,454688,11.06
133.75,459864,11.01
133.77,465148,10.98
133.80,470596,10.90
133.82,476056,10.90
133.85,481432,10.85
133.87,486648,10.83
133.90,491792,10.77
133.92,496884,10.72
133.94,502100,10.66
133.97,507312,10.72
133.99,512536,10.67
134.01,517752,10.56
134.04,523008,10.62
134.06,528228,10.56
134.09,533416,10.49
134.11,538492,10.46
134.13,543608,10.47
134.16,548604,10.47
134.18,553536,10.48
134.21,558448,10.41
134.23,563200,10.42
134.25,567876,10.42
134.28,572420,10.36
134.30,576896,10.27
134.32,581380,10.35
134.35,585648,10.32
134.37,589828,10.30
134.40,593928,10.36
134.42,597976,10.32
134.44,601940,10.24
134.47,605864,10.24
134.49,609676,10.35
134.52,613400,10.24
134.54,616992,10.28
134.56,620476,10.29
134.59,623708,10.19
134.61,626772,10.16
134.63,629656,10.20
134.66,632496,10.17
134.68,635304,10.21
134.71,638076,10.26
134.73,640696,10.14
134.75,643232,10.18
134.78,645616,10.22
134.80,647848,10.19
134.83,649744,10.11
134.85,651340,10.11
134.87,652568,10.06
134.90,653476,9.95
134.92,653992,10.06
134.94,653816,9.87
134.97,653176,9.88
134.99,651980,9.84
135.02,650348,9.87
135.04,648620,9.98
135.06,646860,10.01
135.09,645088,9.95
135.11,643208,10.02
135.14,641128,10.12
135.16,638784,10.36
135.18,636144,10.54
135.21,633168,10.80
135.23,629820,10.93
135.26,626156,11.13
135.28,622116,11.23
135.30,617740,11.34
135.33,613032,11.40
135.35,608096,11.51
135.37,602980,11.57
135.40,597612,11.71
135.42,592076,11.91
135.45,586440,12.06
135.47,580724,11.98
135.49,574816,11.79
135.52,568680,12.35
135.54,562712,12.22
135.57,556744,12.09
135.59,550632,12.33
135.61,544624,12.03
135.64,538540,12.16
135.66,532544,12.11
135.69,526580,12.32
135.71,520740,12.34
135.73,514984,12.30
135.76,509288,12.34
135.78,503772,12.18
135.80,498336,12.17
135.83,493128,12.05
135.85,488008,12.01
135.88,482856,12.11
135.90,477788,12.03
135.92,472880,12.12
135.95,468116,12.16
135.97,463416,12.24
136.00,458840,12.24
136.02,454408,12.07
136.04,449960,12.18
136.07,445624,12.26
136.09,441508,12.17
136.11,437444,12.12
136.14,433452,12.04
136.16,429536,12.05
136.19,425788,12.05
136.21,422156,12.02
136.23,418652,12.00
136.26,415204,11.94
136.28,411880,11.88
136.30,408684,11.75
136.33,405536,11.73
136.35,402532,11.70
136.38,399624,11.77
136.40,396832,11.77
136.42,394092,11.63
136.45,391448,11.57
136.47,388892,11.64
136.50,386460,11.55
136.52,384152,11.52
136.54,381912,11.54
136.57,379844,11.40
136.59,377896,11.31
136.62,376204,11.36
136.64,374404,11.44
136.66,372712,11.43
136.69,370988,11.33
136.71,369276,11.33
136.73,367692,11.46
136.76,366164,11.40
136.78,364680,11.40
136.81,363360,11.30
136.83,362132,11.42
136.85,361124,11.45
136.88,360224,11.30
136.90,359636,11.43
136.93,359368,11.39
136.95,359724,11.60
136.97,360500,11.51
137.00,362156,11.72
137.02,364636,11.78
137.04,367932,11.87
137.07,371824,11.85
137.09,376136,11.84
137.12,380820,11.83
137.14,385696,11.76
137.16,390832,11.73
137.19,396184,11.69
137.21,401656,11.67
137.24,407016,11.59
137.26,412484,11.55
137.28,418032,11.37
137.31,423764,11.39
137.33,429596,11.35
137.36,435492,11.26
137.38,441508,11.19
137.40,447584,11.11
137.43,453704,11.10
137.45,459844,11.01
137.48,465980,10.98
137.50,472116,10.92
137.52,478240,10.89
137.55,484324,10.85
137.57,490380,10.80
137.59,496376,10.70
137.62,502316,10.70
137.64,508184,10.68
137.66,513992,10.65
137.69,519640,10.61
137.71,525312,10.61
137.74,530912,10.56
137.76,536468,10.53
137.79,542004,10.42
137.81,547532,10.50
137.83,552936,10.44
137.86,558248,10.39
137.88,563512,10.37
137.90,568628,10.41
137.93,573616,10.38
137.95,578596,10.34
137.98,583544,10.40
138.00,588316,10.24
138.02,592936,10.34
138.05,597316,10.24
138.07,601624,10.27
138.10,605864,10.25
138.12,609928,10.22
138.14,613780,10.30
138.17,617380,10.23
138.19,620820,10.22
138.21,624112,10.27
138.24,627060,10.14
138.26,629676,10.16
138.29,631940,10.17
138.31,633756,10.03
138.33,635084,10.07
138.36,635948,9.92
138.38,636260,9.93
138.41,635684,9.81
138.43,634200,9.99
138.45,631940,10.12
138.48,629320,10.27
138.50,626436,10.39
138.52,623280,10.54
138.55,619868,10.75
138.57,616120,10.89
138.60,612044,11.02
138.62,607616,11.19
138.64,602912,11.32
138.67,597948,11.41
138.69,592784,11.40
138.72,587488,11.71
138.74,582104,11.57
138.76,576468,11.73
138.79,570696,11.90
138.81,564816,12.03
138.83,558812,12.10
138.86,552800,12.05
138.88,546644,12.09
138.91,540516,12.01
138.93,534436,11.96
138.95,528380,11.93
138.98,522480,12.11
139.00,516728,11.96
139.03,511124,11.77
139.05,505504,11.90
139.07,500072,11.76
139.10,494688,11.99
139.12,489600,11.87
139.15,484648,11.98
139.17,479784,12.06
139.19,475192,11.95
139.22,470604,11.78
139.24,466128,11.77
139.27,461792,11.63
139.29,457588,11.64
139.31,453512,11.59
139.34,449644,11.45
139.36,445912,11.48
139.38,442288,11.47
139.41,438832,11.48
139.43,435516,11.51
139.46,432364,11.50
139.48,429276,11.55
139.50,426248,11.63
139.53,423312,11.51
139.55,420448,11.43
139.58,417692,11.34
139.60,415028,11.37
139.62,412384,11.47
139.65,409848,11.39
139.67,407368,11.40
139.69,405036,11.25
139.72,402840,11.30
139.74,400836,11.23
139.77,399032,11.25
139.79,397304,11.11
139.81,395736,11.11
139.84,394220,11.10
139.86,392888,11.20
139.88,391820,11.26
139.91,391148,11.15
139.93,390984,11.25
139.96,391316,11.41
139.98,392180,11.39
140.00,393672,11.50
140.03,395620,11.60
140.05,398048,11.62
140.08,400920,11.63
140.10,404220,11.61
140.12,407816,11.57
140.15,411768,11.63
140.17,415896,11.56
140.20,420336,11.54
140.22,424928,11.51
140.24,429760,11.51
140.27,434860,11.48
140.29,440208,11.38
140.31,445652,11.36
140.34,451172,11.34
140.36,456600,11.25
140.39,462028,11.25
140.41,467524,11.13
140.43,473000,11.18
140.46,478480,11.05
140.48,483924,11.00
140.51,489432,11.02
140.53,494904,10.98
140.55,500212,10.90
140.58,505564,10.87
140.60,510924,10.84
140.62,516244,10.77
140.65,521592,10.71
140.67,526984,10.70
140.70,532260,10.70
140.72,537452,10.67
140.74,542620,10.65
140.77,547712,10.63
140.79,552724,10.62
140.82,557532,10.59
140.84,562232,10.49
140.86,566896,10.39
140.89,571724,10.47
140.91,576520,10.52
140.94,581180,10.42
140.96,585684,10.43
140.98,590144,10.41
141.01,594584,10.32
141.03,599160,10.44
141.05,603576,10.38
141.08,607988,10.35
141.10,612308,10.35
141.13,616580,10.33
141.15,620752,10.20
141.17,624884,10.28
141.20,628888,10.27
141.22,632816,10.26
141.25,636612,10.24
141.27,640408,10.29
141.29,644176,10.27
141.32,648020,10.26
141.34,651696,10.24
141.37,655240,10.22
141.39,658580,10.22
141.41,661752,10.21
141.44,664780,10.20
141.46,667736,10.15
141.49,670488,10.20
141.51,673196,10.18
141.53,675712,10.17
141.56,678016,10.14
141.58,680232,10.15
141.60,682360,10.06
141.63,684496,10.08
141.65,686444,10.02
141.68,688376,10.18
141.70,690216,10.20
141.72,691924,10.00
141.75,693560,10.20
141.77,695008,10.12
141.80,696204,10.10
141.82,697036,10.03
141.84,697448,9.98
141.87,697136,9.95
141.89,696024,9.89
141.91,694132,10.09
141.94,691656,10.32
141.96,688912,10.40
141.99,685840,10.54
142.01,682504,10.69
142.03,678904,10.76
142.06,675092,10.90
142.08,671052,11.04
142.10,666792,11.25
142.13,662232,11.37
142.15,657404,11.50
142.18,652344,11.60
142.20,647036,11.55
142.22,641572,11.83
142.25,636040,11.83
142.27,630232,11.80
142.30,624176,12.12
142.32,618064,12.18
142.34,611768,12.42
142.37,605404,12.19
142.39,598852,12.34
142.41,592312,12.17
142.44,585664,12.39
142.46,579084,12.09
142.49,572316,12.28
142.51,565768,12.54
142.53,559440,12.28
142.56,553056,12.36
142.58,546764,12.21
142.61,540604,12.25
142.63,534588,12.31
142.65,528804,12.25
142.68,523072,12.32
142.70,517376,12.28
142.73,511756,12.42
142.75,506244,12.40
142.77,500856,12.31
142.80,495600,12.13
142.82,490476,12.03
142.84,485556,12.12
142.87,480728,12.08
142.89,475980,12.28
142.92,471348,12.11
142.94,466676,12.12
142.96,461956,12.05
142.99,457296,12.17
143.01,452756,12.19
143.04,448352,12.20
143.06,444056,12.16
143.08,439808,12.11
143.11,435656,12.04
143.13,431616,12.12
143.16,427656,12.09
143.18,423780,12.10
143.20,419988,12.10
143.23,416344,12.07
143.25,412880,11.98
143.27,409508,11.93
143.30,406288,11.90
143.32,403220,11.81
143.35,400288,11.86
143.37,397496,11.72
143.39,394848,11.67
143.42,392308,11.69
143.44,389960,11.65
143.47,387664,11.69
143.49,385428,11.68
143.51,383320,11.48
143.54,381216,11.55
143.56,379336,11.54
143.59,377568,11.47
143.61,376148,11.34
143.63,375080,11.37
143.66,374572,11.42
143.68,374776,11.46
143.70,375680,11.65
143.73,377472,11.82
143.75,380160,11.86
143.77,383704,11.91
143.80,388196,11.95
143.82,393492,11.85
143.85,399320,11.87
143.87,405456,11.75
143.90,411856,11.67
143.92,418512,11.60
143.94,425208,11.51
143.97,431904,11.41
143.99,438768,11.36
144.01,445732,11.28
144.04,452772,11.22
144.06,459872,11.16
144.09,466984,11.04
144.11,474204,10.96
144.13,481372,10.91
144.16,488544,10.87
144.18,495732,10.78
144.21,502968,10.73
144.23,510292,10.67
144.25,517576,10.59
144.28,524824,10.60
144.30,532112,10.51
144.32,539272,10.48
144.35,546444,10.45
144.37,553548,10.42
144.40,560564,10.35
144.42,567572,10.35
144.44,574500,10.30
144.47,581360,10.26
144.49,587992,10.29
144.52,594552,10.26
144.54,600972,10.19
144.56,607276,10.18
144.59,613496,10.21
144.61,619636,10.17
144.63,625680,10.19
144.66,631584,10.16
144.68,637308,10.12
144.71,642820,10.10
144.73,648044,10.13
144.75,653136,10.15
144.78,658080,10.09
144.80,662868,10.11
144.83,667756,10.08
144.85,672640,10.10
144.87,677548,10.08
144.90,682424,10.05
144.92,687372,10.03
144.95,692428,10.10
144.97,697224,10.09
144.99,701916,10.11
145.02,706284,10.03
145.04,710540,10.07
145.06,714300,10.06
145.09,717732,10.06
145.11,720756,9.99
145.14,723316,9.96
145.16,725368,9.93
145.18,726920,9.88
145.21,727980,9.86
145.23,728468,9.73
145.26,728332,9.76
145.28,727544,9.67
145.30,725980,9.85
145.33,723776,9.99
145.35,721120,10.17
145.37,718088,10.39
145.40,714584,10.70
145.42,710468,11.00
145.45,705664,11.19
145.47,700184,11.42
145.49,694092,11.81
145.52,687476,12.06
145.54,680492,12.11
145.57,673056,12.27
145.59,665356,12.01
145.61,657356,11.96
145.64,649040,12.20
145.66,640428,12.25
145.68,631812,12.22
145.71,623196,12.12
145.73,614536,12.15
145.76,606004,12.16
145.78,597616,12.01
145.80,589300,12.19
145.83,581204,12.03
145.85,573140,12.17
145.88,565600,12.13
145.90,558316,12.18
145.92,551252,12.21
145.95,544596,12.14
145.97,538348,11.94
145.99,532244,11.94
146.02,526516,11.89
146.04,520884,12.05
146.07,515568,11.83
146.09,510448,11.78
146.11,505456,11.94
146.14,500748,11.76
146.16,496276,11.61
146.19,491984,11.48
146.21,487968,11.58
146.23,484080,11.55
146.26,480208,11.55
146.28,476336,11.64
146.30,472332,11.68
146.33,468344,11.67
146.35,464480,11.74
146.38,460680,11.83
146.40,456796,11.91
146.42,452692,12.03
146.45,448544,11.98
146.47,444480,11.94
146.50,440548,11.91
146.52,436832,11.80
146.54,433460,11.62
146.57,430636,11.34
146.59,428464,11.00
146.62,426976,11.03
146.64,426284,11.11
146.66,426872,11.31
146.69,428888,11.57
146.71,432184,11.69
146.74,436588,11.64
146.76,441480,11.73
146.78,446980,11.66
146.81,452828,11.58
146.83,458836,11.50
146.85,465136,11.36
146.88,471784,11.31
146.90,478716,11.21
146.93,485804,11.13
146.95,493092,11.03
146.97,500596,10.99
147.00,508024,10.91
147.02,515348,10.82
147.05,522620,10.81
147.07,529880,10.73
147.09,537076,10.69
147.12,544184,10.61
147.14,551436,10.56
147.16,558708,10.51
147.19,566004,10.46
147.21,573352,10.38
147.24,580708,10.34
147.26,588068,10.29
147.28,595376,10.25
147.31,602596,10.28
147.33,609588,10.25
147.36,616480,10.22
147.38,623236,10.20
147.40,629860,10.20
147.43,636360,10.18
147.45,642780,10.12
147.48,649224,10.16
147.50,655600,10.11
147.52,661972,10.10
147.55,668164,10.08
147.57,674224,10.04
147.59,680288,10.06
147.62,686192,10.05
147.64,692044,9.99
147.66,697796,10.01
147.69,703460,10.04
147.71,709036,10.01
147.74,714384,10.04
147.76,719520,10.06
147.79,724648,9.97
147.81,729720,10.00
147.83,734500,10.04
147.86,739008,10.06
147.88,743080,10.01
147.90,746852,10.00
147.93,750172,9.95
147.95,753080,9.97
147.98,755500,9.96
148.00,757496,9.79
148.02,759144,9.84
148.05,760644,9.87
148.07,761812,9.84
148.09,762780,9.86
148.12,763436,9.84
148.14,763648,9.78
148.17,763540,9.71
148.19,762684,9.74
148.21,761160,9.82
148.24,758972,10.05
148.26,756260,10.33
148.29,753120,10.55
148.31,749500,10.79
148.33,745280,10.99
148.36,740320,11.33
148.38,734552,11.62
148.41,728104,12.03
148.43,720944,12.17
148.45,713016,12.28
148.48,704572,12.10
148.50,695400,12.18
148.52,686052,12.30
148.55,676524,12.20
148.57,667144,12.09
148.60,657708,12.15
148.62,648616,12.15
148.64,639452,12.09
148.67,630216,12.29
148.69,621212,12.04
148.72,612664,12.20
148.74,604116,12.05
148.76,595704,12.17
148.79,587468,12.08
148.81,579404,12.25
148.84,571612,12.21
148.86,564296,12.13
148.88,557156,12.25
148.91,550408,12.15
148.93,543888,12.17
148.95,537332,12.23
148.98,531108,12.30
149.00,525120,12.03
149.02,519232,12.19
149.05,513788,12.08
149.07,508432,11.92
149.10,503304,11.99
149.12,498340,11.81
149.15,493380,11.91
149.17,488612,11.92
149.19,484060,11.85
149.22,479476,11.91
149.24,474968,11.97
149.26,470540,12.08
149.29,466200,12.27
149.31,462092,12.07
149.34,458016,12.05
149.36,454096,11.98
149.38,450292,11.94
149.41,446592,11.87
149.43,443020,11.75
149.46,439632,11.69
149.48,436304,11.72
149.50,433100,11.70
149.53,430016,11.68
149.55,427036,11.62
149.57,424204,11.61
149.60,421524,11.56
149.62,419028,11.44
149.65,416804,11.26
149.67,414684,11.27
149.69,412616,11.36
149.72,410748,11.19
149.74,409108,11.15
149.77,407880,11.16
149.79,407228,11.17
149.81,407604,11.41
149.84,409108,11.57
149.86,411908,11.62
149.88,415928,11.73
149.91,420960,11.72
149.93,426844,11.66
149.96,433316,11.62
149.98,440152,11.50
150.00,447228,11.40
150.03,454564,11.31
150.05,462104,11.19
150.08,469792,11.09
150.10,477540,11.01
150.12,485464,10.95
150.15,493416,10.88
150.17,501412,10.81
150.20,509384,10.73
150.22,517364,10.66
150.24,525112,10.65
150.27,532792,10.55
150.29,540404,10.49
150.32,547924,10.49
150.34,555428,10.42
150.36,562972,10.38
150.39,570564,10.28
150.41,578232,10.29
150.43,585776,10.26
150.46,593212,10.14
150.48,600604,10.17
150.51,607944,10.10
150.53,615304,10.10
150.55,622688,10.03
150.58,629964,10.06
150.60,636964,10.03
150.63,643760,10.01
150.65,650572,10.00
150.67,657264,9.96
150.70,663964,9.97
150.72,670572,9.91
150.74,677140,9.94
150.77,683588,9.94
150.79,690008,9.93
150.82,696420,9.92
150.84,702768,9.90
150.86,709092,9.94
150.89,715100,9.97
150.91,720780,9.93
150.93,726084,10.02
150.96,730864,9.97
150.98,734928,10.03
151.01,738204,9.94
151.03,740708,9.78
151.05,742512,9.87
151.08,743360,9.70
151.10,743136,9.70
151.12,741920,9.67
151.15,739844,9.80
151.17,737288,9.86
151.20,734676,9.89
151.22,732040,9.99
151.24,729232,10.13
151.27,726248,10.26
151.29,722816,10.62
151.32,718768,10.91
151.34,714064,11.16
151.36,708716,11.53
151.39,702876,11.73
151.41,696632,11.83
151.44,690016,11.68
151.46,682864,11.88
151.48,675468,12.08
151.51,667920,12.08
151.53,660068,12.06
151.55,651752,12.20
151.58,643344,12.26
151.60,634620,12.35
151.63,625764,12.44
151.65,616892,12.29
151.67,607940,12.34
151.70,599004,12.21
151.72,590092,12.51
151.75,581448,12.21
151.77,572928,12.28
151.79,564732,12.33
151.82,556628,12.17
151.84,548740,12.07
151.87,541120,12.19
151.89,533792,12.28
151.91,526588,12.18
151.94,519640,12.30
151.96,512916,12.27
151.99,506476,12.09
152.01,500168,12.24
152.03,494220,12.26
152.05,488532,12.24
152.08,482900,12.01
152.10,477268,11.92
152.13,471828,12.12
152.15,466828,11.90
152.18,461848,12.01
152.20,457100,11.98
152.22,452692,11.92
152.25,448336,12.01
152.27,444180,12.01
152.30,440248,11.83
152.32,436500,11.82
152.34,432972,11.83
152.37,429456,11.85
152.39,425980,11.74
152.41,422440,11.72
152.44,418936,11.68
152.46,415504,11.64
152.49,412164,11.75
152.51,408796,11.85
152.53,405480,11.77
152.56,402312,11.65
152.58,399428,11.56
152.61,396648,11.56
152.63,393780,11.66
152.65,390840,11.65
152.68,388068,11.78
152.70,385572,11.53
152.72,383272,11.30
152.75,381192,11.27
152.77,379440,11.25
152.80,378344,11.20
152.82,378296,11.29
152.84,379744,11.55
152.87,383292,11.74
152.89,388628,11.71
152.91,395372,11.68
152.94,402704,11.56
152.96,410384,11.42
152.99,418352,11.33
153.01,426460,11.25
153.03,434568,11.08
153.06,442876,11.02
153.08,451208,10.94
153.11,459644,10.87
153.13,467996,10.76
153.15,476324,10.67
153.18,484656,10.65
153.20,492988,10.58
153.23,501160,10.57
153.25,509344,10.46
153.27,517452,10.45
153.30,525488,10.39
153.32,533496,10.30
153.35,541628,10.24
153.37,549680,10.19
153.39,557696,10.15
153.42,565620,10.10
153.44,573436,10.08
153.46,581240,10.05
153.49,589060,10.03
153.51,596832,10.00
153.54,604552,9.94
153.56,612288,9.93
153.58,619756,9.97
153.61,627088,9.92
153.63,634332,9.91
153.66,641504,9.87
153.68,648620,9.84
153.70,655688,9.86
153.73,662736,9.83
153.75,669696,9.82
153.77,676644,9.80
153.80,683412,9.81
153.82,690116,9.84
153.85,696544,9.86
153.87,702796,9.86
153.89,708784,9.83
153.92,714672,9.88
153.94,720336,9.88
153.96,725816,9.89
153.99,731048,9.93
154.01,736032,9.86
154.04,740748,9.95
154.06,745244,9.95
154.08,749292,9.95
154.11,752956,9.87
154.13,756356,9.91
154.16,759424,9.86
154.18,762300,9.83
154.20,764944,9.83
154.23,767256,9.83
154.25,769308,9.80
154.27,770984,9.78
154.30,772264,9.75
154.32,773020,9.78
154.35,773344,9.75
154.37,773300,9.57
154.39,773068,9.78
154.42,772496,9.69
154.44,771644,9.69
154.47,770248,9.80
154.49,768384,9.90
154.51,766052,10.06
154.54,763396,10.18
154.56,760308,10.40
154.58,756820,10.69
154.61,752884,10.88
154.63,748388,11.12
154.66,743344,11.38
154.68,737824,11.53
154.70,731952,11.47
154.73,725720,11.69
154.75,719380,11.85
154.77,712936,12.03
154.80,706412,11.96
154.82,699836,12.17
154.85,693288,11.92
154.87,686532,11.98
154.89,679780,12.28
154.92,673076,11.88
154.94,666196,12.07
154.97,659472,11.96
154.99,652760,12.09
155.01,646144,12.15
155.04,639564,12.27
155.06,633176,12.11
155.09,626888,11.93
155.11,620576,12.11
155.13,614596,11.95
155.16,608668,11.97
155.18,602828,12.07
155.20,597128,12.13
155.23,591596,12.01
155.25,586240,11.97
155.28,581036,12.18
155.30,576032,11.90
155.32,571092,11.76
155.35,566248,11.82
155.37,561624,11.74
155.40,557036,11.65
155.42,552544,11.68
155.44,548228,11.74
155.47,544088,11.74
155.49,540092,11.73
155.52,536324,11.69
155.54,532664,11.69
155.56,529092,11.69
155.59,525580,11.78
155.61,522172,11.77
155.63,518836,11.72
155.66,515604,11.58
155.68,512556,11.48
155.71,509632,11.54
155.73,506780,11.58
155.75,503956,11.60
155.78,501212,11.55
155.80,498600,11.45
155.83,496064,11.49
155.85,493596,11.50
155.87,491212,11.38
155.90,489012,11.40
155.92,486892,11.33
155.94,484988,11.16
155.97,483156,11.35
155.99,481512,11.17
156.02,480208,11.12
156.04,479064,11.21
156.06,478248,11.20
156.09,477908,11.40
156.11,478028,11.24
156.14,479048,11.54
156.16,480776,11.62
156.18,483376,11.75
156.21,486808,11.71
156.23,490988,11.75
156.26,495524,11.78
156.28,500420,11.71
156.30,505496,11.68
156.33,510788,11.59
156.35,516248,11.56
156.38,521652,11.47
156.40,527300,11.41
156.42,532988,11.42
156.45,538820,11.38
156.47,544760,11.27
156.49,550752,11.25
156.52,556788,11.11
156.54,562876,11.12
156.57,568976,11.05
156.59,575140,11.02
156.61,581276,10.93
156.64,587436,10.89
156.66,593656,10.85
156.69,599892,10.79
156.71,606192,10.76
156.73,612436,10.68
156.76,618696,10.65
156.78,624924,10.58
156.80,631100,10.56
156.83,637128,10.57
156.85,643076,10.59
156.88,648876,10.52
156.90,654500,10.45
156.92,660048,10.42
156.95,665508,10.44
156.97,670968,10.39
157.00,676364,10.39
157.02,681696,10.30
157.04,686984,10.29
157.07,692280,10.31
157.09,697520,10.29
157.11,702636,10.32
157.14,707696,10.27
157.16,712728,10.28
157.19,717572,10.27
157.21,722248,10.22
157.23,726768,10.21
157.26,731240,10.18
157.28,735596,10.26
157.30,739724,10.20
157.33,743716,10.21
157.35,747552,10.19
157.38,751208,10.12
157.40,754644,10.12
157.42,757740,10.11
157.45,760616,10.10
157.47,763216,10.05
157.50,765408,10.07
157.52,767320,10.02
157.54,769116,10.02
157.57,770656,9.98
157.59,771776,9.98
157.62,772568,9.93
157.64,772976,9.89
157.66,772804,9.90
157.69,771964,9.76
157.71,770652,9.87
157.73,769028,9.83
157.76,767284,9.82
157.78,765504,9.88
157.81,763620,9.93
157.83,761648,10.08
157.85,759332,10.33
157.88,756576,10.54
157.90,753332,10.82
157.93,749524,11.13
157.95,745184,11.23
157.97,740328,11.43
158.00,735140,11.56
158.02,729660,11.62
158.05,723960,11.56
158.07,717916,11.98
158.09,711872,11.94
158.12,705416,12.28
158.14,698788,12.24
158.16,691916,12.26
158.19,684860,12.37
158.21,677608,12.31
158.24,670072,12.37
158.26,662520,12.22
158.28,654824,12.32
158.31,647284,12.44
158.33,640088,12.29
158.36,632796,12.51
158.38,625804,12.28
158.40,619028,12.34
158.43,612564,12.21
158.45,606396,12.03
158.48,600444,11.92
158.50,594772,12.10
158.52,589328,11.91
158.55,584000,12.00
158.57,578944,11.93
158.59,574060,12.06
158.62,569472,12.11
158.64,565016,11.93
158.66,560688,11.85
158.69,556480,11.81
158.71,552372,11.79
158.74,548384,11.79
158.76,544540,11.79
158.79,540892,11.83
158.81,537392,11.85
158.83,534084,11.78
158.86,530936,11.73
158.88,527900,11.67
158.90,524948,11.44
158.93,522060,11.49
158.95,519272,11.67
158.98,516548,11.58
159.00,513904,11.47
159.02,511360,11.48
159.05,508884,11.41
159.07,506436,11.47
159.10,504028,11.42
159.12,501832,11.33
159.14,499768,11.36
159.17,497832,11.26
159.19,496128,11.20
159.21,494732,11.07
159.24,493756,11.21
159.26,493136,11.14
159.29,492916,11.30
159.31,493004,11.42
159.33,493604,11.44
159.36,494776,11.51
159.38,496860,11.68
159.41,499828,11.70
159.43,503364,11.75
159.45,507468,11.70
159.48,511864,11.71
159.50,516668,11.72
159.52,521828,11.61
159.55,527352,11.59
159.57,533104,11.52
159.60,538972,11.46
159.62,544980,11.43
159.64,551020,11.34
159.67,557204,11.28
159.69,563436,11.24
159.72,569684,11.15
159.74,576012,11.07
159.76,582504,10.99
159.79,589204,10.96
159.81,596124,10.86
159.84,603096,10.81
159.86,610056,10.72
159.88,617204,10.63
159.91,624408,10.58
159.93,631620,10.53
159.95,638852,10.47
159.98,646164,10.44
160.00,653368,10.40
160.03,660596,10.33
160.05,667764,10.31
160.07,674876,10.26
160.10,682000,10.21
160.12,688968,10.19
160.15,695932,10.20
160.17,702672,10.15
160.19,709284,10.16
160.22,715788,10.15
160.24,722148,10.14
160.27,728400,10.15
160.29,734608,10.08
160.31,740704,10.09
160.34,746732,10.10
160.36,752624,10.07
160.38,758368,10.05
160.41,763996,10.07
160.43,769452,10.06
160.46,774784,10.02
160.48,779860,10.06
160.50,784808,10.03
160.53,789660,10.06
160.55,794172,10.10
160.58,798388,10.05
160.60,802224,10.01
160.62,805788,10.05
160.65,808956,9.93
160.67,811636,10.00
160.69,813760,9.93
160.72,815436,9.91
160.74,816552,9.82
160.77,817208,9.86
160.79,817464,9.72
160.81,817280,9.68
160.84,816864,9.67
160.86,816132,9.63
160.88,815064,9.78
160.91,813452,9.85
160.93,811328,9.99
160.96,808900,10.14
160.98,806076,10.31
161.00,802960,10.52
161.03,799412,10.72
161.05,795428,10.94
161.08,790916,11.10
161.10,785924,11.42
161.12,780388,11.70
161.15,774372,11.86
161.17,767992,12.00
161.20,761280,12.13
161.22,754208,11.92
161.24,746784,12.24
161.27,739184,12.14
161.29,731284,12.08
161.31,723172,12.14
161.34,715028,12.17
161.36,706996,12.36
161.39,699112,12.32
161.41,691312,12.00
161.43,683552,12.17
161.46,675952,12.25
161.48,668692,12.55
161.51,661604,12.06
161.53,654496,12.16
161.55,647560,12.15
161.58,640912,11.93
161.60,634428,12.10
161.63,628188,11.96
161.65,622088,12.08
161.67,616256,12.14
161.70,610700,12.23
161.72,605332,12.29
161.74,600224,12.04
161.77,595264,11.97
161.79,590512,11.95
161.82,585932,11.93
161.84,581540,11.82
161.86,577300,11.75
161.89,573268,11.78
161.91,569508,11.87
161.94,565876,11.77
161.96,562376,11.73
161.98,558924,11.69
162.01,555576,11.67
162.03,552352,11.53
162.05,549220,11.47
162.08,546240,11.42
162.10,543432,11.54
162.13,540808,11.47
162.15,538348,11.43
162.17,535940,11.23
162.20,533664,11.26
162.22,531476,11.50
162.25,529256,11.31
162.27,527192,11.28
162.29,525200,11.40
162.32,523272,11.12
162.34,521560,11.22
162.37,519856,11.22
162.39,518404,11.22
162.41,517268,11.13
162.44,516508,11.19
162.46,516328,11.20
162.48,516944,11.38
162.51,518924,11.54
162.53,522144,11.74
162.55,526332,11.77
162.58,531168,11.72
162.60,536292,11.69
162.63,541528,11.67
162.65,546876,11.61
162.68,552340,11.54
162.70,557976,11.46
162.72,563792,11.39
162.75,569832,11.37
162.77,576180,11.21
162.79,582792,11.19
162.82,589428,11.17
162.84,596028,11.06
162.87,602872,10.98
162.89,609828,10.88
162.91,616928,10.80
162.94,624184,10.75
162.96,631560,10.64
162.99,639080,10.60
163.01,646616,10.55
163.03,654308,10.44
163.06,662004,10.42
163.08,669728,10.34
163.10,677440,10.28
163.13,685136,10.24
163.15,692788,10.21
163.18,700428,10.13
163.20,708020,10.16
163.22,715568,10.12
163.25,722992,10.11
163.27,730232,10.06
163.30,737388,10.04
163.32,744328,10.05
163.34,751164,10.02
163.37,757844,10.03
163.39,764324,9.99
163.41,770732,9.99
163.44,777012,10.03
163.46,783048,9.97
163.49,788956,10.00
163.51,794648,10.02
163.53,800136,9.99
163.56,805520,10.02
163.58,810704,9.99
163.61,815768,10.04
163.63,820632,9.97
163.65,825240,9.99
163.68,829660,9.98
163.70,833896,10.08
163.73,838016,10.02
163.75,841796,9.93
163.77,845540,9.96
163.80,848896,9.96
163.82,851748,9.97
163.84,854116,9.83
163.87,855980,9.92
163.89,857240,9.81
163.91,857904,9.75
163.94,858052,9.77
163.96,857796,9.62
163.99,857128,9.70
164.01,856032,9.65
164.03,854776,9.68
164.06,853240,9.70
164.08,851492,9.78
164.11,849492,9.92
164.13,847192,10.14
164.15,844464,10.38
164.18,841320,10.66
164.20,837672,10.93
164.23,833440,11.20
164.25,828564,11.32
164.27,823200,11.46
164.30,817460,11.73
164.32,811408,11.88
164.34,805056,11.86
164.37,798408,11.90
164.39,791380,12.16
164.42,784136,12.24
164.44,776260,12.15
164.46,768012,12.40
164.49,759508,12.26
164.51,750856,12.32
164.54,742372,12.33
164.56,733824,12.31
164.58,725368,12.35
164.61,716892,12.51
164.63,708516,12.45
164.66,700428,12.23
164.68,692396,12.35
164.70,684664,12.30
164.73,677092,12.26
164.75,669872,12.35
164.77,662904,12.53
164.80,656384,12.30
164.82,650036,12.20
164.85,643924,11.92
164.87,637876,12.33
164.89,632200,11.98
164.92,626628,12.15
164.94,621432,12.00
164.97,616420,12.08
164.99,611520,12.11
165.01,606832,11.95
165.04,602388,11.77
165.06,598084,11.75
165.09,593964,11.71
165.11,590092,11.65
165.13,586404,11.61
165.16,582876,11.69
165.18,579448,11.64
165.20,576108,11.57
165.23,572916,11.63
165.25,569796,11.59
165.27,566776,11.56
165.30,563880,11.51
165.32,561068,11.56
165.35,558352,11.49
165.37,555632,11.51
165.40,553032,11.49
165.42,550456,11.43
165.44,548020,11.39
165.47,545680,11.43
165.49,543412,11.44
165.51,541268,11.39
165.54,539224,11.26
165.56,537348,11.38
165.59,535548,11.33
165.61,533940,11.25
165.63,532480,11.33
165.66,531152,11.23
165.68,530132,11.20
165.71,529432,11.31
165.73,529200,11.34
165.75,529396,11.35
165.78,530488,11.54
165.80,532592,11.68
165.82,535540,11.70
165.85,539388,11.69
165.87,543904,11.76
165.90,548872,11.70
165.92,554076,11.68
165.94,559564,11.57
165.97,565340,11.60
165.99,571324,11.57
166.02,577484,11.43
166.04,583700,11.40
166.06,590088,11.30
166.09,596708,11.18
166.11,603444,11.12
166.13,610220,11.07
166.16,616936,11.03
166.18,623660,10.94
166.21,630360,10.91
166.23,637204,10.86
166.25,643884,10.84
166.28,650660,10.72
166.30,657420,10.67
166.33,664196,10.65
166.35,670960,10.58
166.37,677828,10.56
166.40,684700,10.47
166.42,691600,10.41
166.45,698472,10.41
166.47,705236,10.37
166.49,711920,10.33
166.52,718448,10.32
166.54,724812,10.33
166.56,731124,10.27
166.59,737312,10.25
166.61,743372,10.26
166.64,749404,10.21
166.66,755404,10.21
166.68,761268,10.21
166.71,766976,10.18
166.73,772548,10.17
166.76,778040,10.18
166.78,783384,10.14
166.80,788636,10.13
166.83,793820,10.10
166.85,799016,10.19
166.88,803980,10.19
166.90,808716,10.09
166.92,813200,10.13
166.95,817392,10.09
166.97,821352,10.08
166.99,824996,10.10
167.02,828196,10.05
167.04,831016,10.00
167.07,833436,10.09
167.09,835276,9.94
167.11,836688,9.90
167.14,837636,9.95
167.16,837736,9.79
167.19,837044,9.86
167.21,835304,9.96
167.23,832828,10.11
167.26,829840,10.31
167.28,826396,10.53
167.30,822472,10.73
167.33,818116,10.91
167.35,813328,11.05
167.38,808072,11.19
167.40,802476,11.55
167.42,796708,11.67
167.45,790500,11.90
167.47,783996,11.97
167.50,777060,12.08
167.52,769956,11.97
167.54,762504,12.00
167.57,754748,12.09
167.59,746864,12.15
167.61,738792,12.31
167.64,730840,12.16
167.66,722824,12.15
167.69,714852,12.17
167.71,707052,12.13
167.73,699276,12.18
167.76,691848,12.06
167.78,684596,12.12
167.80,677596,12.09
167.83,671004,12.00
167.85,664648,12.00
167.88,658472,11.97
167.90,652492,12.09
167.92,646732,11.97
167.95,641140,11.92
167.97,635688,11.89
168.00,630364,11.75
168.02,625156,11.81
168.04,620172,11.93
168.07,615396,11.89
168.09,610876,11.88
168.12,606560,11.79
168.14,602492,11.66
168.16,598648,11.59
168.19,594876,11.62
168.21,591192,11.59
168.24,587604,11.59
168.26,584164,11.66
168.28,580808,11.64
168.31,577628,11.55
168.33,574588,11.43
168.35,571604,11.41
168.38,568760,11.37
168.40,566000,11.45
168.43,563360,11.41
168.45,560812,11.47
168.47,558356,11.40
168.50,556044,11.19
168.52,553928,11.20
168.55,551952,11.27
168.57,550084,11.16
168.59,548440,11.16
168.62,547012,11.06
168.64,545836,11.04
168.66,545164,11.29
168.69,544844,11.19
168.71,545176,11.35
168.74,546144,11.33
168.76,548036,11.59
168.78,550844,11.65
168.81,554368,11.71
168.83,558412,11.62
168.86,563040,11.66
168.88,568016,11.67
168.90,573356,11.61
168.93,578836,11.51
168.95,584592,11.42
168.98,590668,11.34
169.00,597020,11.25
169.02,603672,11.24
169.05,610420,11.17
169.07,617180,11.08
169.09,624048,11.05
169.12,630804,11.01
169.14,637488,10.95
169.16,644236,10.88
169.19,650976,10.81
169.21,657828,10.75
169.24,664768,10.64
169.26,671736,10.65
169.29,678724,10.58
169.31,685732,10.51
169.33,692772,10.48
169.36,699756,10.46
169.38,706744,10.41
169.40,713628,10.37
169.43,720396,10.30
169.45,727144,10.31
169.48,733884,10.29
169.50,740512,10.25
169.52,747072,10.19
169.55,753528,10.22
169.57,759888,10.18
169.60,766092,10.17
169.62,772220,10.16
169.64,778188,10.17
169.67,783976,10.15
169.69,789608,10.16
169.72,795108,10.17
169.74,800520,10.14
169.76,805740,10.13
169.79,810680,10.08
169.81,815488,10.14
169.83,819916,10.09
169.86,824156,10.07
169.88,828056,10.09
169.91,831588,10.09
169.93,834680,10.12
169.95,837360,10.02
169.98,839488,9.95
170.00,841200,9.95
170.02,842340,9.94
170.05,842884,9.79
170.07,842932,9.80
170.10,842396,9.66
170.12,841180,9.77
170.14,839268,9.95
170.17,836724,10.20
170.19,833724,10.52
170.22,830096,10.76
170.24,825836,11.03
170.26,820912,11.29
170.29,815440,11.45
170.31,809476,11.44
170.34,803088,11.67
170.36,796624,11.99
170.38,789836,11.66
170.41,782684,12.04
170.43,775508,12.12
170.46,768140,12.11
170.48,760452,12.02
170.50,752696,12.14
170.53,744792,12.17
170.55,737028,12.19
170.57,729328,12.11
170.60,721596,12.17
170.62,713916,12.32
170.65,706488,12.30
170.67,699252,12.23
170.69,692088,12.11
170.72,685052,12.16
170.74,678280,12.12
170.77,671788,12.15
170.79,665460,12.21
170.81,659364,12.22
170.84,653600,12.30
170.86,648092,11.94
170.88,642728,11.76
170.91,637644,11.82
170.93,632788,11.73
170.96,628032,11.67
170.98,623416,11.70
171.00,618976,11.72
171.03,614708,11.74
171.05,610632,11.81
171.08,606764,11.77
171.10,603168,11.69
171.12,599780,11.58
171.15,596512,11.50
171.17,593288,11.43
171.19,590140,11.40
171.22,587108,11.34
171.24,584216,11.34
171.27,581420,11.35
171.29,578784,11.35
171.31,576252,11.36
171.34,573852,11.25
171.36,571528,11.34
171.38,569300,11.33
171.41,567140,11.23
171.43,565056,11.23
171.46,563080,11.31
171.48,561208,11.15
171.50,559572,11.04
171.53,558036,11.07
171.55,556792,11.18
171.58,555784,11.08
171.60,555412,11.16
171.62,555552,11.21
171.65,556608,11.46
171.67,558756,11.55
171.70,561968,11.60
171.72,565856,11.73
171.74,570388,11.62
171.77,575192,11.63
171.79,580280,11.65
171.81,585828,11.49
171.84,591896,11.44
171.86,598388,11.37
171.89,605116,11.25
171.91,612000,11.17
171.93,619020,11.12
171.96,626180,11.05
171.98,633444,10.96
172.01,640796,10.88
172.03,648176,10.86
172.05,655580,10.80
172.08,662940,10.72
172.10,670228,10.64
172.13,677400,10.63
172.15,684488,10.59
172.17,691520,10.53
172.20,698548,10.51
172.22,705496,10.47
172.24,712224,10.43
172.27,718904,10.38
172.29,725440,10.38
172.32,731900,10.36
172.34,738324,10.31
172.36,744708,10.30
172.39,750872,10.30
172.41,756936,10.25
172.44,762808,10.24
172.46,768524,10.26
172.48,774076,10.23
172.51,779452,10.22
172.53,784652,10.16
172.55,789728,10.21
172.58,794536,10.15
172.60,799232,10.17
172.63,803788,10.17
172.65,808044,10.19
172.68,812000,10.20
172.70,815628,10.10
172.72,818944,10.10
172.75,821936,10.05
172.77,824568,10.08
172.79,826620,10.00
172.82,828220,9.98
172.84,829240,9.94
172.87,829448,9.82
172.89,828768,9.75
172.91,827316,9.73
172.94,825196,9.92
172.96,822764,10.12
172.98,820004,10.31
173.01,816904,10.50
173.03,813448,10.72
173.06,809620,10.87
173.08,805412,11.06
173.10,800768,11.18
173.13,795704,11.17
173.15,790344,11.58
173.18,784756,11.64
173.20,778700,11.66
173.22,772308,11.95
173.25,765688,12.11
173.27,758980,11.93
173.29,751952,12.12
173.32,744880,11.94
173.34,737712,12.06
173.37,730676,12.00
173.39,723568,12.22
173.41,716672,12.13
173.44,709836,12.19
173.46,703152,11.94
173.49,696380,12.11
173.51,689880,12.19
173.53,683644,12.07
173.56,677544,11.85
173.58,671584,12.14
173.60,666012,11.83
173.63,660372,11.82
173.65,654980,11.85
173.68,649756,11.96
173.70,644588,11.98
173.72,639760,11.86
173.75,635092,11.78
173.77,630552,11.77
173.80,626096,11.71
173.82,621828,11.59
173.84,617792,11.57
173.87,613896,11.53
173.89,610224,11.49
173.91,606680,11.47
173.94,603328,11.50
173.96,600136,11.52
173.99,597048,11.45
174.01,594032,11.44
174.03,591116,11.48
174.06,588328,11.32
174.08,585712,11.23
174.11,583256,11.21
174.13,581044,11.25
174.15,578976,11.30
174.18,576912,11.23
174.20,574956,11.21
174.23,573148,11.22
174.25,571304,11.15
174.27,569568,11.18
174.30,567920,11.16
174.32,566396,11.15
174.35,565020,11.02
174.37,563672,11.15
174.39,562468,11.22
174.42,561464,11.19
174.44,560552,11.24
174.47,559848,11.18
174.49,559412,11.21
174.51,559408,11.34
174.54,559968,11.40
174.56,561588,11.52
174.58,564320,11.65
174.61,567968,11.69
174.63,572368,11.73
174.66,577108,11.69
174.68,582264,11.68
174.70,587880,11.65
174.73,593664,11.56
174.75,599408,11.51
174.77,605140,11.46
174.80,610808,11.35
174.82,616624,11.33
174.85,622460,11.23
174.87,628460,11.22
174.89,634504,11.11
174.92,640704,11.12
174.94,646840,11.02
174.97,653088,11.01
174.99,659160,10.94
175.01,665192,10.93
175.04,671064,10.90
175.06,676928,10.80
175.09,682840,10.81
175.11,688572,10.74
175.13,694236,10.74
175.16,699904,10.69
175.18,705576,10.60
175.20,711188,10.62
175.23,716696,10.58
175.25,722220,10.60
175.28,727568,10.50
175.30,732864,10.50
175.32,738180,10.45
175.35,743552,10.44
175.37,748792,10.40
175.40,753972,10.38
175.42,759112,10.39
175.44,764184,10.40
175.47,769080,10.39
175.49,773856,10.29
175.51,778588,10.34
175.54,783208,10.20
175.56,787748,10.30
175.59,792032,10.38
175.61,796140,10.31
175.63,799864,10.25
175.66,803484,10.25
175.68,806732,10.21
175.71,809552,10.15
175.73,811868,10.17
175.75,813532,10.06
175.78,814176,9.95
175.80,813764,9.90
175.82,812140,10.02
175.85,809536,10.35
175.87,806368,10.59
175.90,802840,10.71
175.92,798912,10.88
175.94,794552,11.02
175.97,789844,11.10
175.99,784836,11.22
176.02,779568,11.42
176.04,773956,11.54
176.06,767980,11.78
176.09,761912,11.81
176.11,755580,11.93
176.13,749036,11.83
176.16,742580,11.96
176.18,736116,11.84
176.21,729708,11.83
176.23,723440,12.03
176.25,717728,11.68
176.28,712508,11.63
176.30,708068,11.10
176.33,704368,10.70
176.35,701776,10.28
176.37,700468,10.20
176.40,700584,10.53
176.42,702268,10.72
176.45,705624,10.96
176.47,710064,11.09
176.49,715572,10.96
176.52,721920,10.99
176.54,728604,10.90
176.57,735400,10.81
176.59,742456,10.76
176.61,749632,10.72
176.64,756916,10.63
176.66,764408,10.53
176.68,771992,10.49
176.71,779664,10.36
176.73,787596,10.30
176.76,795608,10.23
176.78,803736,10.17
176.80,811948,10.09
176.83,820272,10.04
176.85,828532,9.96
176.88,836876,9.94
176.90,845408,9.86
176.92,854228,9.77
176.95,863232,9.74
176.97,872076,9.69
176.99,880904,9.65
177.02,889900,9.63
177.04,898772,9.56
177.07,907572,9.58
177.09,916400,9.53
177.11,925244,9.46
177.14,934136,9.42
177.16,943248,9.34
177.18,952504,9.31
177.21,961796,9.22
177.23,971420,9.20
177.26,981196,9.13
177.28,991096,9.07
177.30,1001068,8.99
177.33,1011252,8.89
177.35,1021812,8.78
177.38,1032696,8.72
177.40,1043864,8.61
177.42,1055308,8.48
177.45,1067000,8.43
177.47,1078952,8.28
177.50,1090980,8.23
177.52,1103308,8.11
177.54,1115808,8.04
177.57,1128324,7.95
177.59,1141192,7.88
177.61,1154212,7.79
177.64,1167288,7.69
177.66,1180456,7.67
177.69,1193900,7.59
177.71,1207388,7.55
177.73,1220896,7.52
177.76,1234436,7.49
177.78,1247900,7.46
177.80,1261532,7.45
177.83,1275112,7.46
177.85,1288764,7.35
177.88,1302380,7.38
177.90,1315964,7.35
177.93,1329668,7.38
177.95,1343172,7.33
177.97,1356816,7.33
178.00,1370372,7.28
178.02,1384156,7.29
178.04,1397772,7.29
178.07,1411508,7.25
178.09,1425056,7.28
178.12,1438656,7.28
178.14,1452116,7.26
178.16,1465512,7.31
178.19,1479064,7.29
178.21,1492472,7.31
178.24,1505844,7.30
178.26,1519288,7.33
178.28,1532612,7.32
178.31,1545960,7.36
178.33,1559196,7.35
178.35,1572488,7.36
178.38,1585612,7.41
178.40,1598624,7.43
178.43,1611436,7.50
178.45,1624148,7.56
178.47,1636728,7.59
178.50,1649228,7.67
178.52,1661536,7.70
178.55,1673644,7.78
178.57,1685576,7.80
178.59,1697408,7.92
178.62,1708948,7.97
178.64,1720200,8.07
178.66,1731080,8.11
178.69,1741736,8.25
178.71,1752040,8.39
178.74,1761776,8.54
178.76,1770804,8.72
178.78,1778812,8.86
178.81,1785968,9.01
178.83,1792424,9.08
178.86,1798248,9.17
178.88,1803596,9.22
178.90,1808772,9.32
178.93,1813380,9.30
178.95,1817664,9.34
178.97,1821696,9.41
179.00,1825380,9.39
179.02,1828856,9.37
179.05,1832376,9.44
179.07,1835868,9.44
179.09,1839460,9.49
179.12,1843348,9.59
179.14,1847508,9.50
179.17,1851884,9.60
179.19,1856464,9.66
179.21,1861136,9.69
179.24,1865772,9.70
179.26,1870628,9.64
179.28,1875888,9.68
179.31,1881280,9.65
179.33,1887016,9.67
179.36,1892944,9.67
179.38,1899172,9.68
179.40,1905320,9.66
179.43,1911688,9.63
179.45,1918196,9.60
179.48,1924784,9.59
179.50,1931516,9.55
179.52,1938400,9.56
179.55,1945468,9.53
179.57,1952532,9.49
179.60,1959764,9.49
179.62,1967176,9.44
179.64,1974920,9.42
179.67,1982748,9.36
179.69,1990652,9.34
179.72,1998680,9.32
179.74,2006868,9.28
179.76,2015168,9.26
179.79,2023596,9.22
179.81,2032116,9.18
179.83,2040808,9.15
179.86,2049656,9.07
179.88,2058804,9.06
179.91,2068156,9.00
179.93,2077644,8.99
179.95,2087044,8.94
179.98,2096816,8.92
180.00,2106620,8.84
180.02,2116612,8.81
180.05,2126796,8.78
180.07,2137108,8.72
180.10,2147512,8.69
180.12,2158072,8.68
180.15,2168592,8.67
180.17,2179164,8.62
180.19,2189708,8.58
180.22,2200364,8.55
180.24,2211092,8.49
180.26,2221768,8.51
180.29,2232564,8.50
180.31,2243468,8.45
180.34,2254352,8.40
180.36,2265340,8.41
180.38,2276328,8.36
180.41,2287340,8.31
180.43,2298568,8.25
180.46,2309800,8.25
180.48,2321280,8.19
180.50,2333000,8.07
180.53,2344884,8.01
180.55,2357116,7.94
180.57,2369480,7.81
180.60,2382128,7.73
180.62,2395040,7.63
180.65,2408144,7.61
180.67,2421408,7.60
180.69,2434884,7.47
180.72,2448360,7.46
180.74,2461764,7.42
180.77,2475080,7.38
180.79,2488620,7.33
180.81,2502200,7.33
180.84,2515896,7.29
180.86,2529648,7.24
180.88,2543552,7.24
180.91,2557416,7.24
180.93,2571272,7.18
180.96,2585152,7.18
180.98,2599128,7.14
181.00,2613280,7.16
181.03,2627404,7.14
181.05,2641368,7.15
181.08,2655276,7.14
181.10,2669208,7.12
181.12,2682984,7.12
181.15,2696892,7.15
181.17,2710976,7.11
181.19,2724760,7.10
181.22,2738628,7.12
181.24,2752540,7.11
181.27,2766444,7.10
181.29,2780192,7.13
181.31,2794000,7.10
181.34,2807576,7.12
181.36,2821180,7.11
181.39,2834988,7.16
181.41,2848908,7.13
181.43,2862488,7.15
181.46,2876240,7.14
181.48,2889912,7.15
181.51,2903652,7.19
181.53,2917220,7.18
181.55,2930696,7.20
181.58,2944240,7.19
181.60,2957764,7.23
181.62,2971208,7.26
181.65,2984540,7.25
181.67,2997864,7.30
181.70,3010948,7.34
181.72,3024084,7.32
181.74,3037092,7.38
181.77,3050080,7.43
181.79,3063132,7.43
181.82,3075900,7.47
181.84,3088640,7.53
181.86,3101040,7.56
181.89,3113436,7.60
181.91,3125944,7.60
181.94,3138448,7.58
181.96,3151016,7.55
181.98,3163552,7.46
182.01,3176196,7.46
182.03,3188832,7.53
182.05,3201488,7.50
182.08,3214036,7.50
182.10,3226732,7.46
182.13,3239776,7.49
182.15,3252548,7.46
182.17,3265700,7.47
182.20,3278620,7.40
182.22,3291416,7.49
182.25,3304480,7.48
182.27,3317264,7.47
182.29,3330324,7.45
182.32,3343224,7.46
182.34,3356240,7.41
182.37,3369128,7.46
182.39,3382320,7.44
182.41,3395452,7.40
182.44,3408376,7.39
182.46,3421536,7.50
182.48,3434628,7.48
182.51,3447584,7.46
182.53,3460700,7.46
182.55,3473564,7.46
182.58,3486544,7.44
182.60,3499620,7.45
182.63,3512488,7.42
182.65,3525448,7.47
182.68,3538564,7.41
182.70,3551492,7.37
182.72,3564556,7.46
182.75,3577736,7.43
182.77,3590908,7.37
182.79,3604052,7.35
182.82,3617296,7.35
182.84,3630416,7.34
182.87,3643624,7.40
182.89,3656960,7.38
182.91,3670324,7.38
182.94,3683700,7.35
182.96,3697220,7.29
182.99,3710524,7.36
183.01,3723760,7.32
183.03,3737300,7.24
183.06,3750652,7.30
183.08,3763984,7.25
183.10,3777524,7.27
183.13,3790840,7.26
183.15,3804384,7.22
183.18,3817748,7.31
183.20,3831188,7.23
183.22,3844828,7.23
183.25,3858112,7.16
183.27,3871540,7.23
183.30,3885132,7.22
183.32,3898680,7.27
183.34,3912236,7.18
183.37,3925752,7.26
183.39,3939420,7.26
183.41,3952956,7.17
183.44,3966724,7.17
183.46,3980488,7.12
183.49,3994232,7.07
183.51,4008280,7.07
183.53,4022280,7.05
183.56,4036488,7.02
183.58,4050640,7.02
183.61,4064724,7.01
183.63,4078808,6.99
183.65,4093196,7.00
183.68,4107268,6.97
183.70,4121432,6.95
183.73,4135572,6.95
183.75,4149912,6.97
183.77,4164064,6.94
183.80,4178192,6.98
183.82,4192500,6.96
183.84,4206760,6.93
183.87,4221028,6.95
183.89,4235108,6.96
183.92,4249208,6.97
183.94,4263308,6.96
183.96,4277476,6.91
183.99,4291656,6.96
184.01,4305844,6.94
184.04,4320108,6.96
184.06,4334256,6.98
184.08,4348432,6.93
184.11,4362760,6.97
184.13,4377044,6.96
184.16,4391236,6.97
184.18,4405440,6.99
184.20,4419676,6.96
184.23,4433864,6.94
184.25,4447892,7.01
184.27,4462056,6.98
184.30,4476136,6.99
184.32,4490384,6.97
184.35,4504320,6.99
184.37,4518328,6.98
184.39,4532368,6.98
184.42,4546532,6.96
184.44,4560688,6.97
184.47,4574684,6.99
184.49,4588728,7.05
184.51,4602708,7.01
184.54,4616696,7.02
184.56,4630636,7.03
184.59,4644600,7.09
184.61,4658436,7.07
184.63,4672216,7.09
184.66,4685860,7.16
184.68,4699408,7.16
184.70,4712868,7.23
184.73,4726144,7.26
184.75,4739484,7.30
184.77,4752660,7.37
184.80,4765772,7.38
184.82,4778652,7.30
184.85,4791664,7.46
184.87,4804476,7.46
184.90,4817188,7.47
184.92,4829912,7.42
184.94,4842860,7.44
184.97,4855776,7.44
184.99,4868580,7.46
185.01,4881572,7.50
185.04,4894328,7.48
185.06,4907136,7.47
185.09,4919932,7.47
185.11,4932828,7.49
185.13,4945748,7.44
185.16,4958516,7.50
185.18,4971264,7.47
185.21,4984040,7.47
185.23,4996932,7.44
185.25,5009868,7.43
185.28,5022768,7.43
185.30,5035716,7.41
185.33,5048520,7.46
185.35,5061504,7.41
185.37,5074576,7.38
185.40,5087436,7.40
185.42,5100516,7.38
185.44,5113668,7.39
185.47,5126812,7.39
185.49,5139992,7.39
185.52,5153092,7.37
185.54,5166440,7.37
185.56,5179640,7.38
185.59,5192876,7.37
185.61,5206204,7.33
185.63,5219584,7.36
185.66,5232800,7.28
185.68,5246028,7.33
185.71,5259332,7.36
185.73,5272572,7.32
185.75,5285812,7.30
185.78,5299260,7.33
185.80,5312712,7.31
185.83,5326180,7.26
185.85,5339588,7.22
185.87,5352924,7.27
185.90,5366288,7.26
185.92,5379740,7.28
185.95,5393256,7.29
185.97,5406664,7.26
185.99,5419904,7.27
186.02,5433464,7.24
186.04,5446992,7.23
186.06,5460608,7.25
186.09,5474180,7.24
186.11,5487564,7.21
186.14,5501164,7.22
186.16,5514604,7.21
186.18,5528068,7.20
186.21,5541604,7.22
186.23,5555252,7.14
186.26,5568772,7.17
186.28,5582496,7.20
186.30,5596204,7.12
186.33,5610016,7.09
186.35,5623740,7.10
186.38,5637684,7.09
186.40,5651568,7.05
186.42,5665520,7.07
186.45,5679588,7.03
186.47,5693580,7.03
186.49,5707752,7.04
186.52,5721744,7.04
186.54,5735760,6.97
186.57,5749844,7.04
186.59,5764052,7.02
186.61,5778104,6.97
186.64,5792148,6.99
186.66,5806284,6.98
186.69,5820332,6.97
186.71,5834628,6.99
186.73,5848620,6.98
186.76,5862700,7.01
186.78,5876724,7.00
186.80,5890764,6.97
186.83,5905012,6.94
186.85,5919176,7.00
186.88,5933308,6.95
186.90,5947364,7.00
186.92,5961604,7.01
186.95,5975892,6.97
186.97,5989936,6.99
187.00,6003908,6.94
187.02,6018128,7.00
187.04,6032344,7.01
187.07,6046472,7.00
187.09,6060700,6.95
187.12,6074780,7.01
187.14,6088940,6.94
187.16,6103152,7.01
187.19,6117232,6.97
187.21,6131324,6.96
187.23,6145484,7.02
187.26,6159656,6.98
187.28,6173548,7.00
187.30,6187780,7.00
187.33,6201724,6.99
187.35,6215676,6.98
187.38,6229812,7.01
187.40,6243996,7.02
187.43,6258128,7.00
187.45,6272164,7.01
187.47,6285972,7.06
187.50,6299772,7.08
187.52,6313788,7.08
187.54,6327456,7.16
187.57,6340992,7.08
187.59,6354668,7.20
187.62,6368272,7.22
187.64,6381584,7.20
187.66,6394980,7.29
187.69,6408144,7.27
187.71,6421248,7.36
187.74,6434300,7.29
187.76,6447488,7.39
187.78,6460508,7.34
187.81,6473588,7.41
187.83,6486488,7.40
187.86,6499488,7.41
187.88,6512424,7.43
187.90,6525412,7.42
187.93,6538368,7.42
187.95,6551256,7.43
187.97,6564208,7.38
188.00,6577148,7.37
188.02,6590216,7.43
188.05,6603088,7.37
188.07,6615996,7.41
188.09,6629032,7.44
188.12,6641844,7.43
188.14,6654776,7.42
188.17,6667632,7.43
188.19,6680672,7.43
188.21,6693636,7.40
188.24,6706492,7.35
188.26,6719688,7.41
188.28,6732860,7.36
188.31,6746228,7.40
188.33,6759404,7.37
188.36,6772560,7.30
188.38,6785868,7.35
188.40,6799108,7.38
188.43,6812412,7.30
188.45,6825624,7.35
188.48,6838908,7.32
188.50,6852164,7.34
188.52,6865352,7.30
188.55,6878608,7.37
188.57,6891908,7.32
188.60,6905376,7.29
188.62,6918796,7.34
188.64,6932104,7.35
188.67,6945372,7.31
188.69,6958744,7.31
188.72,6972084,7.30
188.74,6985484,7.29
188.76,6998736,7.31
188.79,7012028,7.28
188.81,7025656,7.26
188.83,7039116,7.18
188.86,7052728,7.25
188.88,7066332,7.26
188.91,7079896,7.25
188.93,7093456,7.26
188.95,7106816,7.24
188.98,7120460,7.25
189.00,7134052,7.23
189.02,7147712,7.25
189.05,7161252,7.23
189.07,7174856,7.22
189.10,7188468,7.23
189.12,7202044,7.21
189.14,7215744,7.21
189.17,7229336,7.20
189.19,7242912,7.22
189.22,7256488,7.22
189.24,7270244,7.22
189.26,7283952,7.17
189.29,7297496,7.16
189.31,7311100,7.15
189.34,7324980,7.10
189.36,7338924,7.11
189.38,7352948,7.06
189.41,7367008,7.06
189.43,7381064,7.05
189.45,7395172,7.03
189.48,7409352,7.08
189.50,7423576,7.00
189.53,7437804,7.01
189.55,7451924,7.03
189.57,7466136,6.96
189.60,7480076,7.01
189.62,7494036,7.01
189.65,7508176,7.00
189.67,7522224,6.99
189.69,7536400,6.98
189.72,7550620,6.97
189.74,7564788,6.98
189.76,7579036,6.96
189.79,7593236,6.99
189.81,7607300,7.01
189.84,7621220,7.00
189.86,7635592,6.98
189.88,7649712,6.98
189.91,7663644,6.97
189.93,7677716,7.00
189.96,7691996,6.96
189.98,7706060,6.97
190.00,7720096,7.04
190.03,7734104,6.96
190.05,7748168,7.02